,Name,Age,TmFull,Tm,G,PA,AB,R,H,2B,3B,HR,RBI,SB,CS,BB,SO,BA,OBP,SLG,OPS,OPS+,TB,GDP,HBP,SH,SF,IBB,BC%,BCrk,Total BC
1,Aaron Judge,30,New York Yankees,NYY,157,696,570,133,177,28,0,62,131,16,3,111,175,0.311,0.425,0.686,1.111,210,391,14,6,0,5,19,0.7557,1,526
2,Matt Carpenter,36,New York Yankees,NYY,47,154,128,28,39,9,0,15,37,0,0,19,35,0.305,0.412,0.727,1.138,216,93,2,5,1,1,1,0.7532,2,116
3,Mike Trout,30,Los Angeles Angels,LAA,119,499,438,85,124,28,2,40,80,1,0,54,139,0.283,0.369,0.63,0.999,176,276,6,6,0,1,8,0.6794,3,339
4,Yordan Álvarez,25,Houston Astros,HOU,135,561,470,95,144,29,2,37,97,1,1,78,106,0.306,0.406,0.613,1.019,188,288,12,6,0,7,9,0.6578,4,369
5,Paul Goldschmidt,34,St. Louis Cardinals,STL,151,651,561,106,178,41,0,35,115,7,0,79,141,0.317,0.404,0.578,0.981,177,324,7,5,0,4,1,0.6283,5,409
6,Jazz Chisholm Jr.,24,Miami Marlins,MIA,60,241,213,39,54,10,4,14,45,12,5,21,66,0.254,0.325,0.535,0.86,138,114,0,3,0,3,0,0.6017,6,145
7,José Ramírez,29,Cleveland Indians,CLE,157,685,601,90,168,44,5,29,126,20,7,69,82,0.28,0.355,0.514,0.869,148,309,5,6,0,9,20,0.6015,7,412
8,José Altuve,32,Houston Astros,HOU,141,604,527,103,158,39,0,28,57,18,1,66,87,0.3,0.387,0.533,0.921,161,281,13,10,0,1,2,0.6010,8,363
9,Byron Buxton,28,Minnesota Twins,MIN,92,382,340,61,76,13,3,28,51,6,0,34,116,0.224,0.306,0.526,0.833,133,179,0,7,0,1,0,0.5916,9,226
10,Freddie Freeman,32,Los Angeles Dodgers,LAD,159,708,612,117,199,47,2,21,100,13,3,84,102,0.325,0.407,0.511,0.918,156,313,6,5,0,7,12,0.5904,10,418
11,Shohei Ohtani,27,Los Angeles Angels,LAA,157,666,586,90,160,30,6,34,95,11,9,72,161,0.273,0.356,0.519,0.875,144,304,6,5,0,3,14,0.5871,11,391
12,Manny Machado,29,San Diego Padres,SDP,150,644,578,100,172,37,1,32,102,9,1,63,133,0.298,0.366,0.531,0.898,157,307,12,1,0,2,10,0.5854,12,377
13,Mookie Betts,29,Los Angeles Dodgers,LAD,142,639,572,117,154,40,3,35,82,12,2,55,104,0.269,0.34,0.533,0.873,140,305,8,8,0,4,0,0.5790,13,370
14,Julio Rodríguez,21,Seattle Mariners,SEA,132,560,511,84,145,25,3,28,75,25,7,40,145,0.284,0.345,0.509,0.853,147,260,7,8,0,1,4,0.5768,14,323
15,Trayce Thompson,31,Toronto Blue Jays,TOT,80,255,219,36,56,14,1,13,41,4,1,32,93,0.256,0.353,0.507,0.86,138,111,2,2,0,2,0,0.5725,15,146
16,Kyle Schwarber,29,Philadelphia Phillies,PHI,155,669,577,100,126,21,3,46,94,10,1,86,200,0.218,0.323,0.504,0.827,131,291,10,4,0,2,3,0.5725,16,383
17,Pete Alonso,27,New York Mets,NYM,160,685,597,95,162,27,0,40,131,5,1,67,128,0.271,0.352,0.518,0.869,146,309,17,12,0,9,16,0.5708,17,391
18,Joc Pederson,30,San Francisco Giants,SFG,134,433,380,57,104,19,3,23,70,3,2,42,100,0.274,0.353,0.521,0.874,146,198,5,7,0,4,3,0.5681,18,246
19,Bryce Harper,29,Philadelphia Phillies,PHI,99,426,370,63,106,28,1,18,65,11,4,46,87,0.286,0.364,0.514,0.877,146,190,13,3,0,7,9,0.5681,19,242
20,Michael Harris II,21,Atlanta Braves,ATL,114,441,414,75,123,27,3,19,64,20,2,21,107,0.297,0.339,0.514,0.853,133,213,7,5,1,0,0,0.5669,20,250
21,Danny Jansen,27,Toronto Blue Jays,TOR,72,248,215,34,56,10,0,15,44,1,0,25,44,0.26,0.339,0.516,0.855,142,111,1,3,0,5,1,0.5645,21,140
22,Juan Soto,23,Toronto Blue Jays,TOT,153,664,524,93,127,25,2,27,62,6,2,135,96,0.242,0.401,0.452,0.853,147,237,12,4,0,0,6,0.5633,22,374
23,Austin Riley,25,Atlanta Braves,ATL,159,693,615,90,168,39,2,38,93,2,0,57,168,0.273,0.349,0.528,0.878,140,325,13,17,0,4,1,0.5613,23,389
24,Rafael Devers,25,Boston Red Sox,BOS,141,614,555,84,164,42,1,27,88,3,1,50,114,0.295,0.358,0.521,0.879,141,289,14,6,0,3,11,0.5603,24,344
25,Nolan Arenado,31,St. Louis Cardinals,STL,148,620,557,73,163,42,1,30,103,5,3,52,72,0.293,0.358,0.533,0.891,151,297,15,7,0,4,3,0.5581,25,346
26,Albert Pujols,42,St. Louis Cardinals,STL,109,351,307,42,83,14,0,24,68,1,2,28,55,0.27,0.345,0.55,0.895,151,169,13,10,0,6,1,0.5527,26,194
27,William Contreras,24,Atlanta Braves,ATL,97,376,334,51,93,14,1,20,45,2,0,39,104,0.278,0.354,0.506,0.86,136,169,5,1,0,2,1,0.5505,27,207
28,Kyle Tucker,25,Houston Astros,HOU,150,609,544,71,140,28,1,30,107,25,4,59,95,0.257,0.33,0.478,0.808,129,260,11,1,0,2,4,0.5484,28,334
29,J.T. Realmuto,31,Philadelphia Phillies,PHI,139,562,504,75,139,26,5,22,84,21,1,41,119,0.276,0.342,0.478,0.82,130,241,7,12,0,5,1,0.5480,29,308
30,Corbin Carroll,21,Arizona Diamondbacks,ARI,32,115,104,13,27,9,2,4,14,2,1,8,31,0.26,0.33,0.5,0.83,132,52,1,3,0,0,0,0.5478,30,63
31,Joey Meneses,30,Washington Nationals,WSN,56,240,222,33,72,14,0,13,34,1,0,15,52,0.324,0.367,0.563,0.93,164,125,13,1,0,2,2,0.5458,31,131
32,Anthony Rizzo,32,New York Yankees,NYY,130,548,465,77,104,21,1,32,75,6,5,58,101,0.224,0.338,0.48,0.817,130,223,13,23,0,2,6,0.5438,32,298
33,Rob Refsnyder,31,Boston Red Sox,BOS,57,177,153,25,47,11,0,6,21,1,1,15,46,0.307,0.384,0.497,0.881,143,76,1,6,0,3,0,0.5424,33,96
34,Andrés Giménez,23,Cleveland Indians,CLE,146,557,491,66,146,26,3,17,69,20,3,34,112,0.297,0.371,0.466,0.837,141,229,9,25,4,3,4,0.5386,34,300
35,Jake Fraley,27,Cinncinnati Reds,CIN,68,247,216,33,56,9,0,12,28,4,1,26,54,0.259,0.344,0.468,0.812,121,101,1,3,0,2,1,0.5385,35,133
36,Dylan Moore,29,Seattle Mariners,SEA,104,255,205,41,46,11,2,6,24,21,8,34,75,0.224,0.368,0.385,0.753,122,79,5,13,1,1,2,0.5333,36,136
37,George Springer,32,Toronto Blue Jays,TOR,133,583,513,89,137,22,4,25,76,14,2,54,100,0.267,0.342,0.472,0.814,132,242,7,7,0,5,1,0.5300,37,309
38,Lars Nootbaar,24,St. Louis Cardinals,STL,108,347,290,53,66,16,3,14,40,4,1,51,71,0.228,0.34,0.448,0.788,124,130,3,1,0,5,1,0.5274,38,183
39,Matt Olson,28,Atlanta Braves,ATL,162,699,616,86,148,44,0,34,103,0,0,75,170,0.24,0.325,0.477,0.802,120,294,13,4,0,4,6,0.5236,39,366
40,Adley Rutschman,24,Baltimore Orioles,BAL,113,470,398,70,101,35,1,13,42,4,0,65,86,0.254,0.362,0.445,0.806,131,177,4,4,0,3,0,0.5234,40,246
41,Taylor Ward,28,Los Angeles Angels,LAA,135,564,495,73,139,22,2,23,65,5,3,60,120,0.281,0.36,0.473,0.833,134,234,5,4,0,5,0,0.5230,41,295
42,Drew Waters,23,Kansas City Royals,KCR,32,109,96,14,23,6,1,5,18,0,0,12,40,0.24,0.324,0.479,0.803,124,46,1,0,0,0,0,0.5229,42,57
43,Cal Raleigh,25,Seattle Mariners,SEA,119,415,370,46,78,20,1,27,63,1,0,38,122,0.211,0.284,0.489,0.774,122,181,5,2,0,5,0,0.5229,43,217
44,Kerry Carpenter,24,Detroit Tigers,DET,31,113,103,16,26,4,1,6,10,0,0,6,32,0.252,0.31,0.485,0.795,125,50,0,3,0,1,0,0.5221,44,59
45,Darick Hall,26,Philadelphia Phillies,PHI,41,142,136,19,34,8,1,9,16,0,0,5,44,0.25,0.282,0.522,0.804,122,71,3,1,0,0,0,0.5211,45,74
46,Nathaniel Lowe,26,Texas Rangers,TEX,157,645,593,74,179,26,3,27,76,2,2,48,147,0.302,0.358,0.492,0.851,139,292,10,4,0,0,2,0.5209,46,336
47,Garrett Stubbs,29,Philadelphia Phillies,PHI,46,121,106,19,28,4,1,5,16,2,0,14,30,0.264,0.35,0.462,0.812,129,49,2,0,1,0,0,0.5207,47,63
48,Trea Turner,29,Los Angeles Dodgers,LAD,160,708,652,101,194,39,4,21,100,27,3,45,131,0.298,0.343,0.466,0.809,124,304,9,3,0,6,1,0.5198,48,368
49,Sam Haggerty,28,Seattle Mariners,SEA,83,201,176,29,45,9,1,5,23,13,1,18,53,0.256,0.335,0.403,0.738,116,71,4,4,1,2,3,0.5174,49,104
50,Jake McCarthy,24,Arizona Diamondbacks,ARI,99,354,321,53,91,16,3,8,43,23,3,23,76,0.283,0.342,0.427,0.769,117,137,3,6,3,1,0,0.5169,50,183
51,Eloy Jiménez,25,Chicago White Sox,CHW,84,327,292,40,86,12,0,16,54,0,0,28,72,0.295,0.358,0.5,0.858,141,146,8,3,0,4,0,0.5168,51,169
52,Bryan Reynolds,27,Pittsburgh Pirates,PIT,145,614,542,74,142,19,4,27,62,7,3,56,141,0.262,0.345,0.461,0.807,127,250,13,14,0,2,6,0.5163,52,317
53,Willson Contreras,30,Chicago Cubs,CHC,113,487,416,65,101,23,2,22,55,4,2,45,103,0.243,0.349,0.466,0.815,126,194,14,24,0,2,0,0.5154,53,251
54,Brandon Drury,29,Toronto Blue Jays,TOT,138,568,518,87,136,31,2,28,87,2,3,38,126,0.263,0.32,0.492,0.813,123,255,8,8,0,4,0,0.5141,54,292
55,Vaughn Grissom,21,Atlanta Braves,ATL,41,156,141,24,41,6,0,5,18,5,2,11,34,0.291,0.353,0.44,0.792,119,62,0,3,0,1,1,0.5128,55,80
56,Christian Walker,31,Arizona Diamondbacks,ARI,160,667,583,84,141,25,2,36,94,2,2,69,131,0.242,0.327,0.477,0.804,125,278,15,8,0,7,2,0.5127,56,342
57,Will Smith,27,Los Angeles Dodgers,LAD,137,578,508,68,132,26,3,24,87,1,0,56,96,0.26,0.343,0.465,0.807,124,236,11,10,0,4,4,0.5121,57,296
58,Keston Hiura,25,Milwaukee Brewers,MIL,80,266,234,34,53,8,1,14,32,5,2,23,111,0.226,0.316,0.449,0.765,113,105,3,8,0,1,0,0.5113,58,136
59,Hunter Renfroe,30,Milwaukee Brewers,MIL,125,522,474,62,121,23,1,29,72,1,1,39,121,0.255,0.315,0.492,0.807,124,233,11,4,2,3,1,0.5096,59,266
60,Kolten Wong,31,Milwaukee Brewers,MIL,134,497,430,65,108,24,4,15,47,17,6,46,88,0.251,0.339,0.43,0.77,116,185,5,14,2,5,2,0.5091,60,253
61,Adolis García,29,Texas Rangers,TEX,156,657,605,88,151,34,5,27,101,25,6,40,183,0.25,0.3,0.456,0.756,112,276,9,6,0,6,2,0.5084,61,334
62,Gunnar Henderson,21,Baltimore Orioles,BAL,34,132,116,12,30,7,1,4,18,1,1,16,34,0.259,0.348,0.44,0.788,126,51,1,0,0,0,1,0.5076,62,67
63,Vinnie Pasquantino,24,Kansas City Royals,KCR,72,298,258,25,76,10,0,10,26,1,0,35,34,0.295,0.383,0.45,0.832,135,116,5,3,0,2,1,0.5067,63,151
64,Ronald Acuna Jr.,24,Atlanta Braves,ATL,119,533,467,71,124,24,0,15,50,29,11,53,126,0.266,0.351,0.413,0.764,112,193,8,10,0,3,4,0.5066,64,270
65,Seth Brown,29,Oakland Athletics,OAK,150,555,500,55,115,26,3,25,73,11,2,51,146,0.23,0.305,0.444,0.749,117,222,7,3,0,1,3,0.5063,65,281
66,Eugenio Suárez,30,Seattle Mariners,SEA,150,629,543,76,128,24,2,31,87,0,0,73,196,0.236,0.332,0.459,0.791,129,249,12,8,0,5,0,0.5056,66,318
67,Jason Vosler,28,San Francisco Giants,SFG,36,111,98,14,26,6,1,4,12,1,1,10,29,0.265,0.342,0.469,0.812,129,46,3,2,0,1,1,0.5045,67,56
68,Rhys Hoskins,29,Philadelphia Phillies,PHI,156,672,589,81,145,33,2,30,79,2,1,72,169,0.246,0.332,0.462,0.794,123,272,12,6,0,4,0,0.5045,68,339
69,Giancarlo Stanton,32,New York Yankees,NYY,110,452,398,53,84,7,0,31,78,0,0,50,137,0.211,0.297,0.462,0.759,112,184,8,0,0,3,2,0.5044,69,228
70,Oneil Cruz,23,Pittsburgh Pirates,PIT,87,361,331,45,77,13,4,17,54,10,4,28,126,0.233,0.294,0.45,0.744,108,149,3,1,0,1,1,0.5042,70,182
71,Daniel Vogelbach,29,Toronto Blue Jays,TOT,130,461,386,47,92,19,1,18,59,0,0,73,114,0.238,0.36,0.433,0.793,126,167,11,1,0,1,2,0.5033,71,232
72,Vladimir Guerrero Jr.,23,Toronto Blue Jays,TOR,160,706,638,90,175,35,0,32,97,8,3,58,116,0.274,0.339,0.48,0.818,133,306,26,6,0,4,6,0.5028,72,355
73,Tyler Stephenson,25,Cinncinnati Reds,CIN,50,183,166,24,53,9,0,6,35,1,0,12,47,0.319,0.372,0.482,0.854,133,80,4,3,0,2,0,0.5027,73,92
74,Rowdy Tellez,27,Milwaukee Brewers,MIL,153,599,529,67,116,23,0,35,89,2,1,62,121,0.219,0.306,0.461,0.767,113,244,20,5,0,3,9,0.5025,74,301
75,Alex Bregman,28,Houston Astros,HOU,155,656,548,93,142,38,0,23,93,1,2,87,77,0.259,0.366,0.454,0.82,134,249,18,11,0,10,1,0.5015,75,329
76,Randy Arozarena,27,Tampa Bay Rays,TBR,153,645,586,72,154,41,3,20,89,32,12,46,156,0.263,0.327,0.445,0.773,123,261,17,11,0,2,2,0.5008,76,323
77,Stuart Fairchild,26,Toronto Blue Jays,TOT,46,110,97,14,24,4,1,5,6,0,2,8,34,0.247,0.336,0.464,0.8,118,45,1,5,0,0,0,0.5000,77,55
78,Nate Eaton,25,Kansas City Royals,KCR,44,122,106,16,28,4,3,1,12,11,1,10,30,0.264,0.331,0.387,0.717,103,41,2,2,1,3,0,0.5000,78,61
79,Mike Brosseau,28,Milwaukee Brewers,MIL,69,160,141,15,36,5,0,6,23,2,0,14,48,0.255,0.344,0.418,0.762,115,59,0,5,0,0,0,0.5000,79,80
80,Trevor Story,29,Boston Red Sox,BOS,94,396,357,53,85,22,0,16,66,13,0,32,122,0.238,0.303,0.434,0.737,102,155,9,3,0,4,4,0.5000,80,198
81,Francisco Lindor,28,New York Mets,NYM,161,706,630,98,170,25,5,26,107,16,6,59,133,0.27,0.339,0.449,0.788,125,283,11,10,0,7,2,0.5000,81,353
82,Corey Seager,28,Texas Rangers,TEX,151,663,593,91,145,24,1,33,83,3,0,58,103,0.245,0.317,0.455,0.772,117,270,14,7,0,5,7,0.4992,82,331
83,Xander Bogaerts,29,Boston Red Sox,BOS,150,631,557,84,171,38,0,15,73,8,2,57,118,0.307,0.377,0.456,0.833,131,254,14,10,0,7,2,0.4992,83,315
84,David Villar,25,San Francisco Giants,SFG,52,181,156,21,36,6,1,9,24,0,1,18,58,0.231,0.331,0.455,0.787,122,71,4,6,0,1,0,0.4972,84,90
85,Teoscar Hernández,29,Toronto Blue Jays,TOR,131,535,499,71,133,35,1,25,77,6,3,34,152,0.267,0.316,0.491,0.807,128,245,18,2,0,0,0,0.4972,85,266
86,Jeff McNeil,30,New York Mets,NYM,148,589,533,73,174,39,1,9,62,4,0,40,61,0.326,0.382,0.454,0.836,140,242,6,11,0,5,1,0.4958,86,292
87,Austin Slater,29,San Francisco Giants,SFG,125,325,277,49,73,15,2,7,34,12,1,40,89,0.264,0.366,0.408,0.774,121,113,9,6,0,2,0,0.4954,87,161
88,Yandy Díaz,30,Tampa Bay Rays,TBR,137,558,473,71,140,33,0,9,57,3,3,78,60,0.296,0.401,0.423,0.824,142,200,10,6,0,1,2,0.4946,88,276
89,Willy Adames,26,Milwaukee Brewers,MIL,139,617,563,83,134,31,0,31,98,8,3,49,166,0.238,0.298,0.458,0.756,110,258,11,1,0,4,3,0.4943,89,305
90,Carlos Correa,27,Minnesota Twins,MIN,136,590,522,70,152,24,1,22,64,0,1,61,121,0.291,0.366,0.467,0.834,138,244,18,3,0,4,2,0.4932,90,291
91,TJ Friedl,26,Cinncinnati Reds,CIN,72,258,225,33,54,10,5,8,25,7,2,20,40,0.24,0.314,0.436,0.75,104,98,3,7,0,6,0,0.4922,91,127
92,Matt Chapman,29,Toronto Blue Jays,TOR,155,621,538,83,123,27,1,27,76,2,2,68,170,0.229,0.324,0.433,0.757,116,233,7,10,0,5,1,0.4911,92,305
93,Starling Marte,33,New York Mets,NYM,118,505,466,76,136,24,5,16,63,18,9,26,97,0.292,0.347,0.468,0.814,132,218,18,13,0,0,0,0.4911,93,248
94,C.J. Cron,32,Colorado Rockies,COL,150,632,575,79,148,28,3,29,102,0,0,43,164,0.257,0.315,0.468,0.783,108,269,16,8,0,5,6,0.4905,94,310
95,Brandon Nimmo,29,New York Mets,NYM,151,673,580,102,159,30,7,16,64,3,2,71,116,0.274,0.367,0.433,0.8,130,251,9,16,3,3,0,0.4903,95,330
96,Daulton Varsho,25,Arizona Diamondbacks,ARI,151,592,531,79,125,23,3,27,74,16,6,46,145,0.235,0.302,0.443,0.745,108,235,8,7,2,5,0,0.4899,96,290
97,Ian Happ,27,Chicago Cubs,CHC,158,641,573,72,155,42,2,17,72,9,4,58,149,0.271,0.342,0.44,0.781,117,252,11,6,0,4,4,0.4899,97,314
98,Josh Naylor,25,Cleveland Indians,CLE,122,498,449,47,115,28,0,20,79,6,1,38,80,0.256,0.319,0.452,0.771,121,203,13,6,0,5,4,0.4880,98,243
99,Evan Longoria,36,San Francisco Giants,SFG,89,298,266,31,65,13,0,14,42,0,0,27,83,0.244,0.315,0.451,0.767,116,120,6,2,0,3,2,0.4866,99,145
100,Seiya Suzuki,27,Chicago Cubs,CHC,111,446,397,54,104,22,2,14,46,9,5,42,110,0.262,0.336,0.433,0.77,113,172,8,4,0,3,3,0.4865,100,217
101,Kris Bryant,30,Colorado Rockies,COL,42,181,160,28,49,12,0,5,14,0,0,17,27,0.306,0.376,0.475,0.851,128,76,7,2,0,2,0,0.4862,101,88
102,Anthony Santander,27,Baltimore Orioles,BAL,152,647,574,78,138,24,0,33,89,0,2,55,122,0.24,0.318,0.455,0.773,120,261,14,13,0,5,1,0.4853,102,314
103,Jon Berti,32,Miami Marlins,MIA,102,404,358,47,86,17,3,4,28,41,5,42,89,0.24,0.324,0.338,0.662,88,121,6,3,0,1,0,0.4851,103,196
104,Patrick Wisdom,30,Chicago Cubs,CHC,134,534,469,67,97,28,0,25,66,8,4,53,183,0.207,0.298,0.426,0.725,100,200,8,9,1,2,1,0.4850,104,259
105,Max Muncy,31,Los Angeles Dodgers,LAD,136,565,464,69,91,22,1,21,69,2,0,90,141,0.196,0.329,0.384,0.713,100,178,2,5,0,6,1,0.4850,105,274
106,Christian Yelich,30,Milwaukee Brewers,MIL,154,671,575,99,145,25,4,14,57,19,3,88,162,0.252,0.355,0.383,0.738,109,220,9,5,1,2,5,0.4844,106,325
107,Dansby Swanson,28,Atlanta Braves,ATL,162,696,640,99,177,32,1,25,96,18,7,49,182,0.277,0.329,0.447,0.776,114,286,12,3,0,4,0,0.4842,107,337
108,Michael Brantley,35,Houston Astros,HOU,64,277,243,28,70,14,1,5,26,1,1,31,30,0.288,0.37,0.416,0.785,126,101,1,1,1,1,2,0.4838,108,134
109,Mark Canha,33,New York Mets,NYM,140,542,462,71,123,24,0,13,61,3,1,48,97,0.266,0.367,0.403,0.77,122,186,3,28,0,4,1,0.4834,109,262
110,Jorge Polanco,28,Minnesota Twins,MIN,104,445,375,54,88,16,0,16,56,3,3,64,95,0.235,0.346,0.405,0.751,115,152,4,2,0,4,1,0.4831,110,215
111,Marcus Semien,31,Texas Rangers,TEX,161,724,657,101,163,31,5,26,83,25,8,53,120,0.248,0.304,0.429,0.733,106,282,7,4,0,10,0,0.4820,111,349
112,Travis d'Arnaud,33,Atlanta Braves,ATL,107,426,396,61,106,25,1,18,60,0,0,19,90,0.268,0.319,0.472,0.791,117,187,12,11,0,0,0,0.4812,112,205
113,Tommy Edman,27,St. Louis Cardinals,STL,153,630,577,95,153,31,4,13,57,32,3,46,111,0.265,0.324,0.4,0.725,107,231,10,5,1,1,2,0.4810,113,303
114,Cedric Mullins,27,Baltimore Orioles,BAL,156,672,608,89,157,32,4,16,64,34,10,47,126,0.258,0.318,0.403,0.721,107,245,4,9,1,5,2,0.4807,114,323
115,Josh Rojas,28,Arizona Diamondbacks,ARI,125,510,443,66,119,25,1,9,56,23,3,55,98,0.269,0.349,0.391,0.739,110,173,7,2,5,5,2,0.4804,115,245
116,Gleyber Torres,25,New York Yankees,NYY,140,572,526,73,135,28,1,24,76,10,5,39,129,0.257,0.31,0.451,0.761,113,237,12,3,1,3,2,0.4790,116,274
117,José Abreu,35,Chicago White Sox,CHW,157,679,601,85,183,40,0,15,75,0,0,62,110,0.304,0.378,0.446,0.824,134,268,19,12,0,4,2,0.4786,117,325
118,Bobby Witt Jr.,22,Kansas City Royals,KCR,150,632,591,82,150,31,6,20,80,30,7,30,135,0.254,0.294,0.428,0.722,102,253,12,6,0,5,2,0.4778,118,302
119,Bo Bichette,24,Toronto Blue Jays,TOR,159,697,652,91,189,43,1,24,93,13,8,41,155,0.29,0.333,0.469,0.802,128,306,21,2,0,2,0,0.4778,119,333
120,Jack Suwinski,23,Pittsburgh Pirates,PIT,106,372,326,45,66,11,0,19,38,4,2,41,114,0.202,0.298,0.411,0.709,99,134,5,4,0,1,1,0.4758,120,177
121,Salvador Pérez,32,Kansas City Royals,KCR,114,473,445,48,113,23,1,23,76,0,0,18,109,0.254,0.292,0.465,0.757,110,207,9,7,0,3,2,0.4757,121,225
122,Christopher Morel,23,Chicago Cubs,CHC,113,425,379,55,89,19,4,16,47,10,7,38,137,0.235,0.308,0.433,0.741,104,164,6,3,3,2,0,0.4753,122,202
123,Oswaldo Cabrera,23,New York Yankees,NYY,44,171,154,21,38,8,1,6,19,3,2,15,44,0.247,0.312,0.429,0.74,108,66,1,0,1,1,0,0.4737,123,81
124,Justin Turner,37,Los Angeles Dodgers,LAD,128,532,468,61,130,36,0,13,81,3,0,50,89,0.278,0.35,0.438,0.788,120,205,13,6,0,8,1,0.4737,124,252
125,Alex Call,27,Toronto Blue Jays,TOT,47,131,114,18,27,3,1,5,13,3,3,15,30,0.237,0.336,0.412,0.748,115,47,2,2,0,0,0,0.4733,125,62
126,Nolan Gorman,22,St. Louis Cardinals,STL,89,313,283,44,64,13,0,14,35,1,0,28,103,0.226,0.3,0.42,0.721,104,119,2,2,0,0,0,0.4728,126,148
127,Ji Man Choi,31,Tampa Bay Rays,TBR,113,419,356,36,83,22,0,11,52,0,0,58,123,0.233,0.341,0.388,0.729,113,138,3,2,0,3,3,0.4726,127,198
128,Steven Kwan,24,Cleveland Indians,CLE,147,638,563,89,168,25,7,6,52,19,5,62,60,0.298,0.373,0.4,0.772,124,225,9,7,2,4,2,0.4718,128,301
129,Danny Mendick,28,Chicago White Sox,CHW,31,106,97,22,28,4,1,3,15,1,0,7,23,0.289,0.343,0.443,0.786,122,43,2,1,1,0,0,0.4717,129,50
130,Oscar González,24,Cleveland Indians,CLE,91,382,362,39,107,27,0,11,43,1,2,15,75,0.296,0.327,0.461,0.789,125,167,6,3,0,2,2,0.4712,130,180
131,Ryan McMahon,27,Colorado Rockies,COL,153,597,529,67,130,23,3,20,67,7,3,60,158,0.246,0.327,0.414,0.741,98,219,7,5,0,3,0,0.4707,131,281
132,Isaac Paredes,23,Tampa Bay Rays,TBR,111,381,331,48,68,16,0,20,45,0,1,44,67,0.205,0.304,0.435,0.74,113,144,12,4,0,2,0,0.4698,132,179
133,Sean Murphy,27,Oakland Athletics,OAK,148,612,537,67,134,37,2,18,66,1,0,56,124,0.25,0.332,0.426,0.759,122,229,14,13,0,5,2,0.4690,133,287
134,Nico Hoerner,25,Chicago Cubs,CHC,135,517,481,60,135,22,5,10,55,20,2,28,57,0.281,0.327,0.41,0.736,105,197,11,6,0,2,4,0.4681,134,242
135,Wander Franco,21,Tampa Bay Rays,TBR,83,344,314,46,87,20,3,6,33,8,0,26,33,0.277,0.328,0.417,0.746,116,131,5,0,0,4,1,0.4680,135,161
136,Alejandro Kirk,23,Toronto Blue Jays,TOR,139,541,470,59,134,19,0,14,63,0,0,63,58,0.285,0.372,0.415,0.786,127,195,11,4,0,4,2,0.4677,136,253
137,Jake Cronenworth,28,San Diego Padres,SDP,158,684,587,88,140,30,4,17,88,3,0,70,131,0.239,0.332,0.39,0.722,109,229,2,16,0,8,3,0.4664,137,319
138,Franchy Cordero,27,Boston Red Sox,BOS,84,275,242,36,53,17,1,8,29,4,1,28,92,0.219,0.3,0.397,0.697,92,96,1,1,2,2,1,0.4655,138,128
139,J.D. Martinez,34,Boston Red Sox,BOS,139,596,533,76,146,43,1,16,62,0,0,52,145,0.274,0.341,0.448,0.79,117,239,20,5,0,5,1,0.4648,139,277
140,Chas McCormick,27,Houston Astros,HOU,119,407,359,47,88,12,2,14,44,4,3,46,106,0.245,0.332,0.407,0.738,111,146,5,1,0,1,0,0.4644,140,189
141,Tyler Naquin,31,Toronto Blue Jays,TOT,105,334,310,47,71,19,4,11,46,4,2,19,93,0.229,0.282,0.423,0.705,94,131,3,4,1,0,2,0.4641,141,155
142,Josh Bell,29,Toronto Blue Jays,TOT,156,647,552,78,147,29,3,17,71,0,1,81,102,0.266,0.362,0.422,0.784,127,233,22,5,0,6,4,0.4637,142,300
143,Eduardo Escobar,33,New York Mets,NYM,136,542,495,58,119,26,4,20,69,0,2,40,129,0.24,0.295,0.43,0.726,106,213,4,1,0,6,3,0.4631,143,251
144,Luis Arráez,25,Minnesota Twins,MIN,144,603,547,88,173,31,1,8,49,4,4,50,43,0.316,0.375,0.42,0.795,128,230,6,3,0,3,2,0.4627,144,279
145,Eli White,28,Texas Rangers,TEX,47,117,105,16,21,2,0,3,10,12,1,11,41,0.2,0.274,0.305,0.578,65,32,0,0,0,1,0,0.4615,145,54
146,Charles Leblanc,26,Miami Marlins,MIA,48,169,156,18,41,10,0,4,11,4,2,12,53,0.263,0.32,0.404,0.723,103,63,0,1,0,0,0,0.4615,146,78
147,Luis Robert Jr.,24,Chicago White Sox,CHW,98,401,380,54,108,18,0,12,56,11,3,17,77,0.284,0.319,0.426,0.746,110,162,6,3,0,1,1,0.4613,147,185
148,Trevor Larnach,25,Minnesota Twins,MIN,51,180,160,22,37,13,0,5,18,0,0,18,57,0.231,0.306,0.406,0.712,102,65,1,0,0,2,1,0.4611,148,83
149,Gavin Lux,24,Los Angeles Dodgers,LAD,129,471,421,66,116,20,7,6,42,7,2,47,95,0.276,0.346,0.399,0.745,109,168,3,0,0,3,0,0.4607,149,217
150,MJ Melendez,23,Kansas City Royals,KCR,129,534,460,57,100,21,3,18,62,2,3,66,131,0.217,0.313,0.393,0.706,99,181,2,1,0,7,1,0.4607,150,246
151,Mike Yastrzemski,31,San Francisco Giants,SFG,148,558,485,73,104,31,2,17,57,5,1,61,141,0.214,0.305,0.392,0.697,97,190,3,5,1,6,0,0.4606,151,257
152,Garrett Cooper,31,Miami Marlins,MIA,119,469,414,37,108,33,2,9,50,0,0,40,119,0.261,0.337,0.415,0.752,112,172,6,10,0,5,0,0.4606,152,216
153,Rodolfo Castro,23,Pittsburgh Pirates,PIT,71,278,253,25,59,8,4,11,27,5,3,22,74,0.233,0.299,0.427,0.725,103,108,6,2,0,1,0,0.4604,153,128
154,Jake Burger,26,Chicago White Sox,CHW,51,183,168,20,42,9,1,8,26,0,0,10,56,0.25,0.302,0.458,0.761,113,77,7,3,1,1,1,0.4590,154,84
155,Ketel Marte,28,Arizona Diamondbacks,ARI,137,558,492,68,118,42,2,12,52,5,1,55,101,0.24,0.321,0.407,0.727,105,200,12,6,0,5,3,0.4588,155,256
156,Ty France,27,Seattle Mariners,SEA,140,613,551,65,151,27,1,20,83,0,0,35,94,0.274,0.338,0.436,0.774,125,240,18,21,0,5,3,0.4584,156,281
157,Jace Peterson,32,Milwaukee Brewers,MIL,112,328,288,44,68,14,2,8,34,12,1,33,85,0.236,0.316,0.382,0.698,97,110,8,2,2,3,2,0.4573,157,150
158,Brendan Donovan,25,St. Louis Cardinals,STL,126,468,391,64,110,21,1,5,45,2,3,60,70,0.281,0.394,0.379,0.773,124,148,8,14,1,2,1,0.4573,158,214
159,Kyle Garlick,30,Minnesota Twins,MIN,66,162,150,23,35,3,0,9,18,0,0,8,48,0.233,0.284,0.433,0.717,102,65,2,3,0,1,0,0.4568,159,74
160,David Bote,29,Chicago Cubs,CHC,41,127,116,15,30,8,0,4,12,1,0,6,45,0.259,0.315,0.431,0.746,106,50,3,4,0,1,0,0.4567,160,58
161,Thairo Estrada,26,San Francisco Giants,SFG,140,541,488,71,127,22,2,14,62,21,6,33,89,0.26,0.322,0.4,0.722,105,195,10,14,1,5,0,0.4566,161,247
162,Joey Gallo,28,Toronto Blue Jays,TOT,126,410,350,48,56,8,2,19,47,3,0,56,163,0.16,0.28,0.357,0.638,79,125,0,3,0,1,0,0.4561,162,187
163,Eric Haase,29,Detroit Tigers,DET,110,351,323,41,82,17,1,14,44,0,0,24,97,0.254,0.305,0.443,0.748,112,143,9,1,0,3,1,0.4558,163,160
164,Mitch Garver,31,Texas Rangers,TEX,54,215,188,23,39,7,0,10,24,1,1,23,53,0.207,0.298,0.404,0.702,98,76,3,2,0,2,0,0.4558,164,98
165,Luis Urías,25,Milwaukee Brewers,MIL,119,472,406,54,97,17,1,16,47,1,2,50,99,0.239,0.335,0.404,0.739,108,164,9,11,0,5,0,0.4555,165,215
166,Jeremy Peña,24,Houston Astros,HOU,136,558,521,72,132,20,2,22,63,11,2,22,135,0.253,0.289,0.426,0.715,102,222,5,6,1,5,0,0.4552,166,254
167,J.D. Davis,29,Toronto Blue Jays,TOT,115,365,318,46,79,16,1,12,35,1,1,39,122,0.248,0.34,0.418,0.758,116,133,13,6,0,2,1,0.4548,167,166
168,Tyrone Taylor,28,Milwaukee Brewers,MIL,120,405,373,49,87,21,3,17,51,3,2,22,102,0.233,0.286,0.442,0.729,102,165,11,7,0,3,0,0.4543,168,184
169,Tyler O'Neill,27,St. Louis Cardinals,STL,96,383,334,56,76,11,1,14,58,14,4,38,103,0.228,0.308,0.392,0.7,99,131,9,4,0,7,0,0.4543,169,174
170,Zach McKinstry,27,Toronto Blue Jays,TOT,57,185,166,21,33,6,3,5,14,7,0,16,52,0.199,0.273,0.361,0.635,76,60,0,1,2,0,0,0.4541,170,84
171,Chris Taylor,31,Los Angeles Dodgers,LAD,118,454,402,45,89,25,3,10,43,10,1,44,160,0.221,0.304,0.373,0.677,89,150,4,5,0,3,2,0.4537,171,206
172,David Peralta,34,Toronto Blue Jays,TOT,134,490,439,39,110,30,3,12,59,1,3,41,114,0.251,0.316,0.415,0.731,108,182,8,4,0,6,5,0.4531,172,222
173,Taylor Trammell,24,Seattle Mariners,SEA,43,117,102,15,20,9,0,4,10,2,1,13,33,0.196,0.284,0.402,0.686,99,41,2,0,1,1,0,0.4530,173,53
174,Andrew Benintendi,27,Toronto Blue Jays,TOT,126,521,461,54,140,23,3,5,51,8,3,52,77,0.304,0.373,0.399,0.772,120,184,7,2,1,5,0,0.4530,174,236
175,Juan Yepez,24,St. Louis Cardinals,STL,76,274,253,27,64,13,0,12,30,0,0,16,61,0.253,0.296,0.447,0.742,109,113,6,1,0,4,0,0.4526,175,124
176,Elvis Andrus,33,Toronto Blue Jays,TOT,149,577,535,66,133,32,0,17,58,18,4,39,92,0.249,0.303,0.404,0.707,104,216,11,3,0,0,0,0.4523,176,261
177,Brandon Lowe,27,Tampa Bay Rays,TBR,65,266,235,31,52,10,2,8,25,1,0,27,61,0.221,0.308,0.383,0.691,101,90,1,3,0,1,0,0.4511,177,120
178,Carlos Santana,36,Toronto Blue Jays,TOT,131,506,431,52,87,18,0,19,60,0,0,71,88,0.202,0.316,0.376,0.692,100,162,9,2,0,2,2,0.4506,178,228
179,Wilmer Flores,30,San Francisco Giants,SFG,151,602,525,72,120,28,1,19,71,0,0,59,103,0.229,0.316,0.394,0.71,101,207,7,11,0,7,1,0.4502,179,271
180,Ryan Mountcastle,25,Baltimore Orioles,BAL,145,609,555,62,139,28,1,22,85,4,1,43,154,0.25,0.305,0.423,0.729,108,235,12,4,0,7,1,0.4499,180,274
181,Mitch Haniger,31,Seattle Mariners,SEA,57,247,224,31,55,8,0,11,34,0,0,20,65,0.246,0.308,0.429,0.736,114,96,7,1,0,2,1,0.4494,181,111
182,Luke Voit,31,Toronto Blue Jays,TOT,135,568,500,55,113,22,0,22,69,1,1,55,179,0.226,0.308,0.402,0.71,104,201,9,7,0,6,1,0.4489,182,255
183,Charlie Blackmon,35,Colorado Rockies,COL,135,577,530,60,140,22,6,16,78,4,1,32,109,0.264,0.314,0.419,0.733,96,222,10,8,4,3,4,0.4489,183,259
184,Bryan De La Cruz,25,Miami Marlins,MIA,115,355,329,38,83,20,0,13,43,4,0,19,90,0.252,0.294,0.432,0.725,102,142,8,2,0,4,0,0.4479,184,159
185,Ben Gamel,30,Pittsburgh Pirates,PIT,115,423,371,42,86,20,2,9,46,5,1,48,98,0.232,0.324,0.369,0.693,97,137,5,3,0,1,2,0.4468,185,189
186,Jurickson Profar,29,San Diego Padres,SDP,152,658,575,82,140,36,2,15,58,5,1,73,103,0.243,0.331,0.391,0.723,109,225,12,4,3,3,0,0.4468,186,294
187,Nick Gordon,26,Minnesota Twins,MIN,136,443,405,45,110,28,4,9,50,6,4,19,105,0.272,0.316,0.427,0.743,111,173,8,10,3,6,1,0.4447,187,197
188,Jorge Mateo,27,Baltimore Orioles,BAL,150,533,494,63,109,25,7,13,50,35,9,27,147,0.221,0.267,0.379,0.646,84,187,8,5,3,2,0,0.4447,188,237
189,Austin Barnes,32,Los Angeles Dodgers,LAD,62,212,179,31,38,6,0,8,26,2,1,27,37,0.212,0.324,0.38,0.704,97,68,5,3,2,1,0,0.4434,189,94
190,Andrew Vaughn,24,Chicago White Sox,CHW,134,555,510,60,138,28,1,17,76,0,0,31,96,0.271,0.321,0.429,0.75,111,219,13,9,0,5,0,0.4432,190,246
191,Ramón Urías,28,Baltimore Orioles,BAL,118,445,403,50,100,17,1,16,51,1,0,30,98,0.248,0.305,0.414,0.72,105,167,7,5,3,4,1,0.4427,191,197
192,Cavan Biggio,27,Toronto Blue Jays,TOR,97,303,257,43,52,18,1,6,24,2,0,38,85,0.202,0.318,0.35,0.668,93,90,2,6,1,1,0,0.4422,192,134
193,Lane Thomas,26,Washington Nationals,WSN,146,548,498,62,120,26,2,17,52,8,4,41,132,0.241,0.301,0.404,0.705,102,201,8,4,0,5,0,0.4416,193,242
194,Ha-Seong Kim,26,San Diego Padres,SDP,150,582,517,58,130,29,3,11,59,12,2,51,100,0.251,0.325,0.383,0.708,105,198,9,7,3,4,0,0.4416,194,257
195,Peyton Burdick,25,Miami Marlins,MIA,32,102,92,8,19,4,0,4,11,1,0,8,35,0.207,0.284,0.38,0.665,86,35,1,2,0,0,0,0.4412,195,45
196,Josh Jung,24,Texas Rangers,TEX,26,102,98,9,20,4,1,5,14,2,0,4,39,0.204,0.235,0.418,0.654,81,41,2,0,0,0,0,0.4412,196,45
197,Randal Grichuk,30,Colorado Rockies,COL,140,538,506,60,131,21,3,19,73,4,0,24,127,0.259,0.299,0.425,0.724,93,215,12,6,0,2,0,0.4405,197,237
198,Orlando Arcia,27,Atlanta Braves,ATL,67,234,209,25,51,9,0,9,30,0,0,21,51,0.244,0.316,0.416,0.733,102,87,7,2,0,2,0,0.4402,198,103
199,Joey Votto,38,Cinncinnati Reds,CIN,91,376,322,31,66,18,1,11,41,0,0,44,97,0.205,0.319,0.37,0.689,89,119,8,10,0,0,0,0.4388,199,165
200,Tim Anderson,29,Chicago White Sox,CHW,79,351,332,50,100,13,0,6,25,13,0,14,55,0.301,0.339,0.395,0.734,109,131,10,5,0,0,1,0.4387,200,154
201,Dylan Carlson,23,St. Louis Cardinals,STL,128,488,432,56,102,30,4,8,42,5,2,45,94,0.236,0.316,0.38,0.695,99,164,6,7,0,4,1,0.4385,201,214
202,Luis Rengifo,25,Los Angeles Angels,LAA,127,511,489,45,129,22,4,17,52,6,2,17,79,0.264,0.294,0.429,0.724,102,210,11,4,1,0,0,0.4384,202,224
203,LaMonte Wade Jr.,28,San Francisco Giants,SFG,77,251,217,29,45,7,1,8,26,1,0,26,51,0.207,0.305,0.359,0.665,89,78,0,5,2,1,0,0.4382,203,110
204,Elehuris Montero,23,Colorado Rockies,COL,53,185,176,21,41,15,1,6,20,0,0,8,60,0.233,0.27,0.432,0.702,85,76,4,1,0,0,0,0.4378,204,81
205,Nick Fortes,25,Miami Marlins,MIA,72,240,217,41,50,6,1,9,24,5,3,18,45,0.23,0.304,0.392,0.696,95,85,5,5,0,0,0,0.4375,205,105
206,Edward Olivares,26,Kansas City Royals,KCR,53,174,161,24,46,8,0,4,15,2,3,10,36,0.286,0.333,0.41,0.743,110,66,1,2,0,1,0,0.4368,206,76
207,Christian Arroyo,27,Boston Red Sox,BOS,87,300,280,32,80,16,1,6,36,5,1,13,49,0.286,0.322,0.414,0.736,103,116,7,3,2,2,2,0.4367,207,131
208,Cody Bellinger,26,Los Angeles Dodgers,LAD,144,550,504,70,106,27,3,19,68,14,3,38,150,0.21,0.265,0.389,0.654,81,196,7,2,0,6,0,0.4364,208,240
209,DJ LeMahieu,33,New York Yankees,NYY,125,541,467,74,122,18,0,12,46,4,3,67,71,0.261,0.357,0.377,0.734,110,176,12,4,1,2,0,0.4362,209,236
210,Trey Mancini,30,Toronto Blue Jays,TOT,143,587,519,56,124,23,1,18,63,0,0,53,135,0.239,0.319,0.391,0.71,103,203,12,10,0,5,2,0.4361,210,256
211,Jordan Luplow,28,Arizona Diamondbacks,ARI,83,234,205,26,36,5,0,11,28,5,1,25,60,0.176,0.274,0.361,0.634,79,74,5,3,0,1,1,0.4359,211,102
212,Gio Urshela,30,Minnesota Twins,MIN,144,551,501,61,143,27,3,13,64,1,0,41,96,0.285,0.338,0.429,0.767,119,215,21,2,0,7,2,0.4356,212,240
213,Jonah Heim,27,Texas Rangers,TEX,127,450,406,51,92,20,1,16,48,2,0,41,87,0.227,0.298,0.399,0.697,96,162,10,1,0,2,0,0.4356,213,196
214,Jesse Winker,28,Seattle Mariners,SEA,136,547,456,51,100,15,0,14,53,0,0,84,103,0.219,0.344,0.344,0.688,103,157,8,4,0,3,1,0.4351,214,238
215,Jarren Duran,25,Boston Red Sox,BOS,58,223,204,23,45,14,3,3,17,7,1,14,63,0.221,0.283,0.363,0.645,78,74,1,4,0,1,0,0.4350,215,97
216,Ozzie Albies,25,Atlanta Braves,ATL,64,269,247,36,61,16,0,8,35,3,5,16,47,0.247,0.294,0.409,0.703,93,101,0,2,0,4,0,0.4349,216,117
217,Adam Duvall,33,Atlanta Braves,ATL,86,315,287,39,61,16,1,12,36,0,2,21,101,0.213,0.276,0.401,0.677,86,115,2,5,0,2,0,0.4349,217,137
218,Connor Joe,29,Colorado Rockies,COL,111,467,404,56,96,20,4,7,28,6,2,55,97,0.238,0.338,0.359,0.697,89,145,8,7,0,1,0,0.4347,218,203
219,Andrew McCutchen,35,Milwaukee Brewers,MIL,134,580,515,66,122,25,0,17,69,8,6,57,124,0.237,0.316,0.384,0.7,97,198,10,4,0,4,1,0.4345,219,252
220,Jesús Sánchez,24,Miami Marlins,MIA,98,343,313,38,67,14,3,13,36,1,0,26,92,0.214,0.28,0.403,0.682,90,126,7,3,0,1,0,0.4344,220,149
221,Seby Zavala,28,Chicago White Sox,CHW,61,205,178,22,48,14,0,2,21,0,0,19,64,0.27,0.347,0.382,0.729,108,68,1,3,3,2,0,0.4341,221,89
222,Ramón Laureano,27,Oakland Athletics,OAK,94,383,346,49,73,18,0,13,34,11,6,25,104,0.211,0.287,0.376,0.663,94,130,6,12,0,0,0,0.4334,222,166
223,Michael Massey,24,Kansas City Royals,KCR,52,194,173,16,42,9,1,4,17,3,0,9,46,0.243,0.307,0.376,0.683,93,65,1,8,2,2,0,0.4330,223,84
224,Austin Hays,26,Baltimore Orioles,BAL,145,582,535,66,134,35,2,16,60,2,4,34,114,0.25,0.306,0.413,0.719,105,221,11,10,0,3,0,0.4330,224,252
225,P.J. Higgins,29,Chicago Cubs,CHC,74,229,201,23,46,11,1,6,30,0,0,22,58,0.229,0.31,0.383,0.693,93,77,2,2,3,1,0,0.4323,225,99
226,Sam Huff,24,Texas Rangers,TEX,44,132,121,9,29,4,0,4,10,1,0,11,42,0.24,0.303,0.372,0.675,91,45,1,0,0,0,1,0.4318,226,57
227,Jonathan India,25,Cinncinnati Reds,CIN,103,431,386,48,96,16,2,10,41,3,4,31,94,0.249,0.327,0.378,0.705,94,146,5,14,0,0,1,0.4316,227,186
228,Shea Langeliers,24,Oakland Athletics,OAK,40,153,142,14,31,10,1,6,22,0,0,9,53,0.218,0.261,0.43,0.691,99,61,4,0,0,2,0,0.4314,228,66
229,Jorge Soler,30,Miami Marlins,MIA,72,306,270,32,56,13,0,13,34,0,2,31,90,0.207,0.295,0.4,0.695,95,108,9,3,0,1,1,0.4314,229,132
230,José Miranda,24,Minnesota Twins,MIN,125,483,444,45,119,25,0,15,66,1,1,28,91,0.268,0.325,0.426,0.751,114,189,19,10,0,1,0,0.4306,230,208
231,Anthony Rendon,32,Los Angeles Angels,LAA,47,193,166,15,38,10,0,5,24,2,0,23,35,0.229,0.326,0.38,0.706,100,63,7,2,0,2,0,0.4301,231,83
232,Pavin Smith,26,Arizona Diamondbacks,ARI,75,277,245,24,54,9,0,9,33,1,0,28,67,0.22,0.3,0.367,0.667,89,90,2,1,0,3,1,0.4296,232,119
233,Gavin Sheets,26,Chicago White Sox,CHW,124,410,377,34,91,19,0,15,53,0,0,27,86,0.241,0.295,0.411,0.706,99,155,9,3,0,3,0,0.4293,233,176
234,Emmanuel Rivera,26,Toronto Blue Jays,TOT,102,359,330,46,77,16,3,12,40,1,2,23,83,0.233,0.292,0.409,0.702,97,135,8,5,0,1,0,0.4290,234,154
235,Luis González,26,San Francisco Giants,SFG,98,350,311,31,79,17,2,4,36,10,2,30,75,0.254,0.323,0.36,0.683,95,112,5,4,0,5,1,0.4286,235,150
236,Brandon Marsh,24,Toronto Blue Jays,TOT,134,461,424,49,104,18,4,11,52,10,4,28,158,0.245,0.295,0.384,0.679,91,163,4,3,3,3,1,0.4273,236,197
237,Nelson Velázquez,23,Chicago Cubs,CHC,77,206,185,20,38,7,3,6,26,5,2,19,65,0.205,0.286,0.373,0.659,83,69,5,2,0,0,0,0.4272,237,88
238,Christian Bethancourt,30,Toronto Blue Jays,TOT,100,333,318,39,80,17,0,11,34,5,1,12,80,0.252,0.283,0.409,0.692,100,130,6,2,1,0,0,0.4264,238,142
239,Odúbel Herrera,30,Philadelphia Phillies,PHI,62,197,185,23,44,9,1,5,21,6,0,11,42,0.238,0.279,0.378,0.658,85,70,3,0,0,1,0,0.4264,239,84
240,Marcell Ozuna,31,Atlanta Braves,ATL,124,507,470,56,106,19,0,23,56,2,1,31,122,0.226,0.274,0.413,0.687,88,194,12,2,0,4,0,0.4260,240,216
241,Kevin Kiermaier,32,Tampa Bay Rays,TBR,63,221,206,28,47,8,0,7,22,6,1,14,61,0.228,0.281,0.369,0.649,88,76,2,1,0,0,0,0.4253,241,94
242,Harold Ramírez,27,Tampa Bay Rays,TBR,120,435,403,46,121,24,0,6,58,3,5,19,72,0.3,0.343,0.404,0.747,118,163,5,9,0,4,1,0.4253,242,185
243,Harrison Bader,28,Toronto Blue Jays,TOT,86,313,292,38,73,10,3,5,30,17,3,15,62,0.25,0.294,0.356,0.65,85,104,4,4,0,2,0,0.4249,243,133
244,Dérmis García,24,Oakland Athletics,OAK,39,125,116,13,24,6,0,5,20,0,0,8,55,0.207,0.264,0.388,0.652,89,45,1,1,0,0,0,0.4240,244,53
245,Alan Trejo,26,Colorado Rockies,COL,35,125,118,15,32,6,0,4,17,1,2,5,31,0.271,0.312,0.424,0.736,96,50,3,2,0,0,0,0.4240,245,53
246,Trent Grisham,25,San Diego Padres,SDP,152,524,451,58,83,16,2,17,53,7,1,57,150,0.184,0.284,0.341,0.626,81,154,3,7,7,2,1,0.4237,246,222
247,Jake Lamb,31,Toronto Blue Jays,TOT,41,111,97,13,21,6,1,3,6,0,1,11,38,0.216,0.315,0.392,0.707,100,38,4,3,0,0,0,0.4234,247,47
248,Wil Myers,31,San Diego Padres,SDP,77,286,261,29,68,15,0,7,41,2,1,21,86,0.261,0.315,0.398,0.713,106,104,7,1,0,3,1,0.4231,248,121
249,Brandon Belt,34,San Francisco Giants,SFG,78,298,254,25,54,9,1,8,23,1,0,37,81,0.213,0.326,0.35,0.676,93,89,9,6,0,1,2,0.4228,249,126
250,Alex Verdugo,26,Boston Red Sox,BOS,152,644,593,75,166,39,1,11,74,1,3,42,86,0.28,0.328,0.405,0.732,102,240,14,3,0,6,2,0.4208,250,271
251,Rafael Ortega,31,Chicago Cubs,CHC,118,371,316,35,76,14,1,7,35,12,7,44,74,0.241,0.331,0.358,0.688,93,113,10,2,1,7,2,0.4205,251,156
252,Curt Casali,33,Toronto Blue Jays,TOT,57,176,148,20,30,4,0,5,17,0,0,24,50,0.203,0.318,0.331,0.649,88,49,1,2,0,2,0,0.4205,252,74
253,Eric Hosmer,32,Toronto Blue Jays,TOT,104,419,380,38,102,19,0,8,44,0,0,37,64,0.268,0.334,0.382,0.716,107,145,12,1,0,1,5,0.4200,253,176
254,Lourdes Gurriel Jr.,28,Toronto Blue Jays,TOR,121,493,453,52,132,32,1,5,52,3,4,31,83,0.291,0.343,0.4,0.743,114,181,11,6,0,2,1,0.4199,254,207
255,Josh Donaldson,36,New York Yankees,NYY,132,546,478,59,106,28,0,15,62,2,2,54,148,0.222,0.308,0.374,0.682,93,179,13,8,0,6,1,0.4194,255,229
256,Amed Rosario,26,Cleveland Indians,CLE,153,670,637,86,180,26,9,11,71,18,4,25,111,0.283,0.312,0.403,0.715,106,257,19,4,0,4,0,0.4194,256,281
257,Yadiel Hernández,34,Washington Nationals,WSN,94,327,305,30,82,16,0,9,41,2,1,19,74,0.269,0.312,0.41,0.722,107,125,9,1,0,2,0,0.4190,257,137
258,Bryson Stott,24,Philadelphia Phillies,PHI,127,466,427,58,100,19,2,10,49,12,4,36,89,0.234,0.295,0.358,0.653,85,153,3,1,1,1,0,0.4185,258,195
259,Jake Cave,29,Minnesota Twins,MIN,54,177,164,17,35,7,3,5,20,2,0,11,49,0.213,0.26,0.384,0.644,82,63,2,0,0,2,0,0.4181,259,74
260,Donovan Solano,34,Cinncinnati Reds,CIN,80,304,278,22,79,16,0,4,24,0,0,19,61,0.284,0.339,0.385,0.724,99,107,5,5,0,2,1,0.4178,260,127
261,Bobby Dalbec,27,Boston Red Sox,BOS,117,353,317,40,68,9,2,12,39,3,0,29,118,0.215,0.283,0.369,0.652,80,117,5,3,0,4,0,0.4164,261,147
262,Leody Taveras,23,Texas Rangers,TEX,99,341,314,39,82,14,2,5,34,11,5,21,88,0.261,0.309,0.366,0.675,92,115,2,2,1,3,0,0.4164,262,142
263,Jean Segura,32,Philadelphia Phillies,PHI,98,387,354,45,98,9,0,10,33,13,6,25,58,0.277,0.336,0.387,0.723,105,137,16,7,0,1,1,0.4160,263,161
264,Aledmys Díaz,31,Houston Astros,HOU,92,327,305,35,74,13,0,12,38,1,1,18,53,0.243,0.287,0.403,0.691,96,123,7,2,0,2,0,0.4159,264,136
265,Joey Bart,25,San Francisco Giants,SFG,97,291,261,34,56,6,0,11,25,2,1,26,112,0.215,0.296,0.364,0.66,87,95,5,4,0,0,0,0.4158,265,121
266,Javier Báez,29,Detroit Tigers,DET,144,590,555,64,132,27,4,17,67,9,2,26,147,0.238,0.278,0.393,0.671,91,218,13,6,0,3,1,0.4153,266,245
267,Bubba Thompson,24,Texas Rangers,TEX,55,181,170,18,45,5,0,1,9,18,3,7,56,0.265,0.302,0.312,0.613,76,53,2,2,2,0,0,0.4144,267,75
268,Corey Dickerson,33,St. Louis Cardinals,STL,96,297,281,28,75,17,1,6,36,0,0,12,48,0.267,0.3,0.399,0.698,98,112,4,2,0,2,1,0.4141,268,123
269,Jared Walsh,28,Los Angeles Angels,LAA,118,454,423,41,91,18,2,15,44,2,1,27,138,0.215,0.269,0.374,0.642,80,158,6,4,0,0,4,0.4141,269,188
270,Colin Moran,29,Cinncinnati Reds,CIN,42,128,109,11,23,3,0,5,23,0,0,16,30,0.211,0.305,0.376,0.681,86,41,4,0,0,3,0,0.4141,270,53
271,Gary Sánchez,29,Minnesota Twins,MIN,128,471,419,42,86,24,0,16,61,2,0,40,136,0.205,0.282,0.377,0.659,88,158,12,7,0,5,0,0.4140,271,195
272,Skye Bolt,28,Oakland Athletics,OAK,42,116,106,10,21,2,0,4,13,5,0,7,30,0.198,0.259,0.33,0.589,72,35,1,2,0,1,0,0.4138,272,48
273,Manuel Margot,27,Tampa Bay Rays,TBR,89,363,336,36,92,18,2,4,47,7,3,24,68,0.274,0.325,0.375,0.7,104,126,7,2,0,1,1,0.4132,273,150
274,Whit Merrifield,33,Toronto Blue Jays,TOT,139,550,504,70,126,28,1,11,58,16,5,38,85,0.25,0.298,0.375,0.673,90,189,11,0,0,8,0,0.4127,274,227
275,Max Kepler,29,Minnesota Twins,MIN,115,446,388,54,88,18,1,9,43,3,2,49,66,0.227,0.318,0.348,0.666,92,135,7,5,0,4,1,0.4126,275,184
276,José Siri,26,Toronto Blue Jays,TOT,104,325,301,53,64,13,2,7,24,14,2,20,108,0.213,0.268,0.339,0.607,75,102,3,3,0,1,0,0.4123,276,134
277,Nick Pratto,23,Kansas City Royals,KCR,49,182,158,18,29,9,1,7,20,0,0,19,66,0.184,0.271,0.386,0.657,84,61,6,1,1,3,0,0.4121,277,75
278,Luke Williams,25,Toronto Blue Jays,TOT,79,136,127,21,30,5,1,1,6,11,4,9,44,0.236,0.287,0.315,0.602,71,40,1,0,0,0,1,0.4118,278,56
279,Brendan Rodgers,25,Colorado Rockies,COL,137,581,527,72,140,30,3,13,63,0,0,46,101,0.266,0.325,0.408,0.733,97,215,25,3,0,5,0,0.4114,279,239
280,Ke'Bryan Hayes,25,Pittsburgh Pirates,PIT,136,560,505,55,123,24,3,7,41,20,5,48,122,0.244,0.314,0.345,0.659,88,174,12,5,0,2,0,0.4107,280,230
281,Aaron Hicks,32,New York Yankees,NYY,130,453,384,54,83,9,2,8,40,10,3,62,109,0.216,0.33,0.313,0.642,85,120,10,4,1,2,3,0.4106,281,186
282,Tommy Pham,34,Toronto Blue Jays,TOT,144,622,554,89,131,23,1,17,63,8,3,56,167,0.236,0.312,0.374,0.686,89,207,20,7,0,5,0,0.4100,282,255
283,Brian Anderson,29,Miami Marlins,MIA,98,383,338,43,75,16,1,8,28,1,0,37,101,0.222,0.311,0.346,0.657,86,117,7,7,0,1,2,0.4099,283,157
284,Josh Lowe,24,Tampa Bay Rays,TBR,52,198,181,24,40,12,2,2,13,3,0,15,66,0.221,0.284,0.343,0.627,82,62,1,1,1,0,1,0.4091,284,81
285,Michael Chavis,26,Pittsburgh Pirates,PIT,129,426,401,39,92,16,3,14,49,1,1,19,126,0.229,0.265,0.389,0.654,83,156,4,2,0,4,1,0.4085,285,174
286,Michael Toglia,23,Colorado Rockies,COL,31,120,111,10,24,8,2,2,12,1,1,9,44,0.216,0.275,0.378,0.653,74,42,2,0,0,0,0,0.4083,286,49
287,Nick Castellanos,30,Philadelphia Phillies,PHI,136,558,524,56,138,27,0,13,62,7,1,29,130,0.263,0.305,0.389,0.694,96,204,15,3,0,2,0,0.4068,287,227
288,Hunter Dozier,30,Kansas City Royals,KCR,128,500,462,51,109,26,4,12,41,4,3,34,125,0.236,0.292,0.387,0.679,91,179,14,3,0,1,0,0.4060,288,203
289,Luis García Jr.,22,Washington Nationals,WSN,93,377,360,29,99,23,2,7,45,3,4,11,84,0.275,0.295,0.408,0.704,101,147,6,1,1,4,1,0.4058,289,153
290,Jose Trevino,29,New York Yankees,NYY,115,353,335,39,83,12,1,11,43,2,1,15,62,0.248,0.283,0.388,0.671,89,130,5,2,0,1,0,0.4051,290,143
291,Rougned Odor,28,Baltimore Orioles,BAL,135,472,426,49,88,19,3,13,53,6,1,32,109,0.207,0.275,0.357,0.632,81,152,9,10,0,4,1,0.4047,291,191
292,Kevin Newman,28,Pittsburgh Pirates,PIT,78,309,288,31,79,18,2,2,24,8,2,16,48,0.274,0.316,0.372,0.687,95,107,6,2,2,1,0,0.4045,292,125
293,AJ Pollock,34,Chicago White Sox,CHW,138,527,489,61,120,26,1,14,56,3,1,32,98,0.245,0.292,0.389,0.681,92,190,13,2,0,4,0,0.4042,293,213
294,Willi Castro,25,Detroit Tigers,DET,112,392,365,47,88,18,2,8,31,9,4,15,82,0.241,0.284,0.367,0.651,86,134,4,8,1,3,0,0.4031,294,158
295,Keibert Ruiz,23,Washington Nationals,WSN,112,433,394,33,99,22,0,7,36,6,1,30,50,0.251,0.313,0.36,0.673,94,142,9,6,1,2,0,0.4018,295,174
296,Tony Kemp,30,Oakland Athletics,OAK,147,558,497,61,117,24,2,7,46,11,1,45,69,0.235,0.307,0.334,0.641,90,166,5,8,5,3,0,0.4014,296,224
297,Christian Vázquez,31,Toronto Blue Jays,TOT,119,426,398,41,109,23,0,9,52,1,4,22,69,0.274,0.315,0.399,0.714,99,159,10,3,0,3,0,0.4014,297,171
298,J.P. Crawford,27,Seattle Mariners,SEA,145,603,518,57,126,24,3,6,42,3,2,68,80,0.243,0.339,0.336,0.675,100,174,11,10,2,5,0,0.4013,298,242
299,Ildemaro Vargas,30,Toronto Blue Jays,TOT,63,222,209,19,55,13,1,4,23,3,1,8,23,0.263,0.299,0.392,0.691,97,82,6,3,1,1,0,0.4009,299,89
300,Alfonso Rivas,25,Chicago Cubs,CHC,101,287,251,27,59,5,2,3,25,6,1,29,87,0.235,0.322,0.307,0.628,77,77,1,4,1,2,1,0.4007,300,115
301,Robbie Grossman,32,Toronto Blue Jays,TOT,129,477,411,40,86,19,1,7,45,6,2,56,129,0.209,0.31,0.311,0.622,78,128,3,6,0,4,0,0.4004,301,191
302,Edmundo Sosa,26,Toronto Blue Jays,TOT,78,190,176,26,40,11,4,2,21,6,1,5,50,0.227,0.275,0.369,0.644,82,65,6,7,1,1,0,0.4000,302,76
303,Ezequiel Duran,23,Texas Rangers,TEX,58,220,208,25,49,10,1,5,25,4,1,12,54,0.236,0.277,0.365,0.643,81,76,3,0,0,0,0,0.4000,303,88
304,Josh Harrison,34,Chicago White Sox,CHW,119,425,386,50,99,19,2,7,27,2,1,21,71,0.256,0.317,0.37,0.687,95,143,9,14,2,2,0,0.4000,304,170
305,Kyle Farmer,31,Cinncinnati Reds,CIN,145,583,526,58,134,25,1,14,78,4,3,33,99,0.255,0.315,0.386,0.701,92,203,20,16,2,6,0,0.3997,305,233
306,Yoán Moncada,27,Chicago White Sox,CHW,104,433,397,41,84,18,1,12,51,2,0,32,114,0.212,0.273,0.353,0.626,77,140,5,2,1,1,2,0.3995,306,173
307,Darin Ruf,35,Toronto Blue Jays,TOT,118,388,334,52,68,12,0,11,45,2,0,45,105,0.204,0.307,0.338,0.645,85,113,11,6,0,3,0,0.3995,307,155
308,Jesús Aguilar,32,Toronto Blue Jays,TOT,129,507,464,39,109,19,0,16,51,1,0,28,119,0.235,0.281,0.379,0.661,85,176,8,4,0,5,1,0.3984,308,202
309,Ryan Jeffers,25,Minnesota Twins,MIN,67,236,212,25,44,10,1,7,27,0,0,23,62,0.208,0.285,0.363,0.648,85,77,6,0,1,0,0,0.3983,309,94
310,Garrett Hampson,27,Colorado Rockies,COL,90,226,199,29,42,7,3,2,15,12,2,21,63,0.211,0.287,0.307,0.594,61,61,3,1,3,2,0,0.3982,310,90
311,Jorge Alfaro,29,San Diego Padres,SDP,82,274,256,25,63,14,0,7,40,1,0,11,98,0.246,0.285,0.383,0.667,92,98,5,4,0,3,0,0.3978,311,109
312,Michael A. Taylor,31,Kansas City Royals,KCR,124,456,414,49,105,10,3,9,43,4,2,35,109,0.254,0.313,0.357,0.67,90,148,6,2,2,3,0,0.3969,312,181
313,Joey Wendle,32,Miami Marlins,MIA,101,371,347,27,90,24,1,3,32,12,3,15,50,0.259,0.297,0.36,0.658,85,125,7,5,1,3,0,0.3962,313,147
314,Alec Bohm,25,Philadelphia Phillies,PHI,152,631,586,79,164,24,3,13,72,2,3,31,110,0.28,0.315,0.398,0.713,101,233,18,4,0,10,1,0.3962,314,250
315,Stephen Piscotty,31,Oakland Athletics,OAK,42,139,126,12,24,4,0,5,14,2,0,9,48,0.19,0.252,0.341,0.593,73,43,2,2,0,2,1,0.3957,315,55
316,Aristides Aquino,28,Cinncinnati Reds,CIN,80,276,259,24,51,13,0,10,30,2,3,17,101,0.197,0.246,0.363,0.609,65,94,1,0,0,0,0,0.3949,316,109
317,Austin Meadows,27,Detroit Tigers,DET,36,147,128,9,32,6,2,0,11,0,1,16,17,0.25,0.347,0.328,0.675,97,42,2,3,0,0,0,0.3946,317,58
318,Santiago Espinal,27,Toronto Blue Jays,TOR,135,491,449,51,120,25,0,7,51,6,6,36,68,0.267,0.322,0.37,0.692,99,166,12,2,1,3,1,0.3931,318,193
319,Riley Greene,21,Detroit Tigers,DET,93,418,376,46,95,18,4,5,42,1,4,36,120,0.253,0.321,0.362,0.682,97,136,8,3,0,3,0,0.3923,319,164
320,Calvin Mitchell,23,Pittsburgh Pirates,PIT,69,232,212,21,48,11,0,5,17,3,1,18,52,0.226,0.286,0.349,0.635,80,74,3,0,1,1,0,0.3922,320,91
321,Diego Castillo,24,Pittsburgh Pirates,PIT,96,283,262,28,54,13,0,11,29,1,1,14,75,0.206,0.251,0.382,0.633,77,100,7,3,0,4,1,0.3922,321,111
322,Víctor Caratini,28,Milwaukee Brewers,MIL,95,314,272,26,54,12,0,9,34,0,0,31,67,0.199,0.3,0.342,0.642,82,93,11,9,1,1,1,0.3917,322,123
323,Alejo López,26,Cinncinnati Reds,CIN,59,156,145,15,38,5,1,1,10,3,1,9,21,0.262,0.314,0.331,0.645,78,48,1,2,0,0,1,0.3910,323,61
324,JJ Bleday,24,Miami Marlins,MIA,65,238,204,21,34,10,2,5,16,4,1,30,67,0.167,0.277,0.309,0.586,66,63,5,2,0,2,0,0.3908,324,93
325,Harold Castro,28,Detroit Tigers,DET,120,443,420,37,114,21,2,7,47,0,1,17,79,0.271,0.3,0.381,0.681,95,160,5,1,3,2,1,0.3905,325,173
326,Matt Reynolds,31,Toronto Blue Jays,TOT,93,272,244,31,60,10,1,3,23,5,0,26,78,0.246,0.32,0.332,0.652,80,81,7,1,0,1,0,0.3897,326,106
327,Jo Adell,23,Los Angeles Angels,LAA,88,285,268,22,60,12,2,8,27,4,2,11,107,0.224,0.264,0.373,0.637,78,100,6,4,0,1,0,0.3895,327,111
328,Mike Moustakas,33,Cinncinnati Reds,CIN,78,285,252,30,54,12,0,7,25,2,0,24,75,0.214,0.295,0.345,0.64,76,87,8,6,0,3,0,0.3895,328,111
329,Mike Ford,29,Toronto Blue Jays,TOT,50,149,131,9,27,5,0,3,10,0,0,17,40,0.206,0.302,0.313,0.615,77,41,1,1,0,0,0,0.3893,329,58
330,Yuli Gurriel,38,Houston Astros,HOU,146,584,545,53,132,40,0,8,53,8,0,30,73,0.242,0.288,0.36,0.647,85,196,13,6,0,3,0,0.3887,330,227
331,Brandon Crawford,35,San Francisco Giants,SFG,118,458,407,50,94,15,2,9,52,1,1,39,98,0.231,0.308,0.344,0.652,86,140,12,8,0,4,3,0.3886,331,178
332,Owen Miller,25,Cleveland Indians,CLE,130,472,424,53,103,26,1,6,51,2,0,32,93,0.243,0.301,0.351,0.652,89,149,8,7,0,9,1,0.3877,332,183
333,Yonathan Daza,28,Colorado Rockies,COL,113,408,372,56,112,21,2,2,34,0,3,26,58,0.301,0.349,0.384,0.733,98,143,12,4,1,5,0,0.3873,333,158
334,Kyle Higashioka,32,New York Yankees,NYY,83,248,229,27,52,7,0,10,31,0,1,12,52,0.227,0.264,0.389,0.653,83,89,5,1,2,4,0,0.3871,334,96
335,Isiah Kiner-Falefa,27,New York Yankees,NYY,142,531,483,66,126,20,0,4,48,22,4,35,72,0.261,0.314,0.327,0.642,84,158,13,5,3,5,2,0.3861,335,205
336,Elías Díaz,31,Colorado Rockies,COL,105,381,351,29,80,18,2,9,51,0,1,25,82,0.228,0.281,0.368,0.648,73,129,8,2,0,3,0,0.3858,336,147
337,Jeimer Candelario,28,Detroit Tigers,DET,124,467,429,49,93,19,2,13,50,0,1,28,109,0.217,0.272,0.361,0.633,81,155,9,6,0,4,1,0.3854,337,180
338,José Iglesias,32,Colorado Rockies,COL,118,467,439,48,128,30,0,3,47,2,3,17,56,0.292,0.328,0.38,0.708,91,167,11,8,0,3,0,0.3854,338,180
339,Raimel Tapia,28,Toronto Blue Jays,TOR,128,433,411,47,109,20,3,7,52,8,2,16,81,0.265,0.292,0.38,0.672,92,156,12,0,3,1,0,0.3834,339,166
340,Cooper Hummel,27,Arizona Diamondbacks,ARI,66,201,176,20,31,8,3,3,17,4,1,23,64,0.176,0.274,0.307,0.58,65,54,4,1,0,1,0,0.3831,340,77
341,Franmil Reyes,26,Toronto Blue Jays,TOT,118,473,438,43,97,17,2,14,47,2,1,30,157,0.221,0.273,0.365,0.638,80,160,12,2,0,3,0,0.3827,341,181
342,Chad Pinder,30,Oakland Athletics,OAK,111,379,361,38,85,18,0,12,42,2,0,14,118,0.235,0.263,0.385,0.648,88,139,10,0,1,2,0,0.3826,342,145
343,Matt Vierling,25,Philadelphia Phillies,PHI,117,357,325,41,80,12,2,6,32,7,4,23,70,0.246,0.297,0.351,0.648,84,114,7,3,0,6,0,0.3810,343,136
344,Nelson Cruz,41,Washington Nationals,WSN,124,507,448,50,105,16,0,10,64,4,0,49,119,0.234,0.313,0.337,0.651,89,151,16,4,0,3,1,0.3807,344,193
345,Austin Nola,32,San Diego Padres,SDP,110,397,347,40,87,15,0,4,40,2,1,34,60,0.251,0.321,0.329,0.649,90,114,5,6,1,9,1,0.3804,345,151
346,Nomar Mazara,27,San Diego Padres,SDP,55,171,159,16,42,8,0,2,18,0,0,10,40,0.264,0.316,0.352,0.668,94,56,3,2,0,0,0,0.3801,346,65
347,Martín Maldonado,35,Houston Astros,HOU,113,379,344,40,64,12,0,15,45,0,0,22,116,0.186,0.248,0.352,0.6,70,121,6,7,4,2,0,0.3799,347,144
348,Zack Collins,27,Toronto Blue Jays,TOT,36,108,97,9,15,4,0,4,11,0,0,9,41,0.155,0.231,0.32,0.551,56,31,0,1,0,1,0,0.3796,348,41
349,Spencer Steer,24,Cinncinnati Reds,CIN,28,108,95,12,20,5,0,2,8,0,1,11,26,0.211,0.306,0.326,0.632,74,31,2,2,0,0,0,0.3796,349,41
350,Terrin Vavra,25,Baltimore Orioles,BAL,40,103,89,14,23,2,1,1,12,0,1,12,19,0.258,0.34,0.337,0.677,97,30,2,0,0,2,0,0.3786,350,39
351,Francisco Mejía,26,Tampa Bay Rays,TBR,93,299,289,32,70,22,0,6,31,0,0,7,65,0.242,0.264,0.381,0.645,86,110,6,2,0,1,0,0.3779,351,113
352,Ryan McKenna,25,Baltimore Orioles,BAL,104,172,156,23,37,10,0,2,11,2,1,11,55,0.237,0.294,0.34,0.634,83,53,3,2,2,1,1,0.3779,352,65
353,Adam Engel,30,Chicago White Sox,CHW,119,260,245,32,55,13,1,2,17,12,4,11,76,0.224,0.269,0.31,0.579,65,76,2,4,0,0,1,0.3769,353,98
354,Jarred Kelenic,22,Seattle Mariners,SEA,54,181,163,20,23,5,1,7,17,5,2,16,61,0.141,0.221,0.313,0.534,55,51,3,1,0,1,0,0.3757,354,68
355,Kyle Isbel,25,Kansas City Royals,KCR,106,278,256,32,54,10,4,5,28,9,6,16,75,0.211,0.264,0.34,0.603,70,87,5,3,1,2,0,0.3741,355,104
356,Reese McGuire,27,Toronto Blue Jays,TOT,89,274,249,25,67,14,1,3,22,1,0,12,56,0.269,0.307,0.369,0.677,90,92,6,3,6,3,0,0.3723,356,102
357,Luis Guillorme,27,New York Mets,NYM,102,335,297,33,81,12,1,2,17,1,0,34,46,0.273,0.351,0.34,0.691,101,101,15,2,2,0,1,0.3701,357,124
358,Carson Kelly,27,Arizona Diamondbacks,ARI,104,354,317,40,67,18,0,7,35,2,0,29,71,0.211,0.282,0.334,0.617,75,106,10,4,0,4,0,0.3701,358,131
359,Andrew Velazquez,27,Los Angeles Angels,LAA,125,349,322,37,63,8,0,9,28,17,1,15,119,0.196,0.236,0.304,0.54,52,98,3,3,6,3,0,0.3696,359,129
360,Víctor Reyes,27,Detroit Tigers,DET,92,336,315,27,80,19,3,3,34,2,2,13,77,0.254,0.289,0.362,0.651,86,114,7,4,0,4,0,0.3690,360,124
361,Omar Narváez,30,Milwaukee Brewers,MIL,84,296,262,21,54,12,1,4,23,0,0,29,57,0.206,0.292,0.305,0.597,70,80,4,3,1,1,1,0.3682,361,109
362,Kole Calhoun,34,Texas Rangers,TEX,125,424,388,36,76,14,1,12,49,3,2,27,136,0.196,0.257,0.33,0.587,66,128,6,6,0,3,0,0.3679,362,156
363,César Hernández,32,Washington Nationals,WSN,147,617,560,64,139,28,4,1,34,10,4,45,114,0.248,0.311,0.318,0.629,83,178,9,7,3,2,0,0.3679,363,227
364,Alek Thomas,22,Arizona Diamondbacks,ARI,113,411,381,45,88,17,1,8,39,4,3,22,74,0.231,0.275,0.344,0.619,75,131,6,3,0,5,0,0.3674,364,151
365,Taylor Walls,25,Tampa Bay Rays,TBR,142,466,407,53,70,18,2,8,33,10,3,52,120,0.172,0.268,0.285,0.553,62,116,6,2,2,2,0,0.3670,365,171
366,Eddie Rosario,30,Atlanta Braves,ATL,80,270,250,27,53,12,1,5,24,3,0,17,68,0.212,0.259,0.328,0.587,62,82,3,0,0,3,0,0.3667,366,99
367,Stephen Vogt,37,Oakland Athletics,OAK,70,191,168,18,27,4,1,7,23,1,0,17,46,0.161,0.241,0.321,0.562,64,54,4,2,0,4,0,0.3665,367,70
368,Brad Miller,32,Texas Rangers,TEX,81,241,222,20,47,3,0,7,32,4,2,18,70,0.212,0.27,0.32,0.59,67,71,3,0,0,1,0,0.3651,368,88
369,Josh VanMeter,27,Pittsburgh Pirates,PIT,67,192,171,15,32,5,2,3,14,4,0,19,45,0.187,0.266,0.292,0.558,59,50,3,0,0,2,0,0.3646,369,70
370,Tommy La Stella,33,San Francisco Giants,SFG,60,195,180,17,43,14,0,2,14,0,0,11,30,0.239,0.282,0.35,0.632,79,63,4,1,0,3,0,0.3641,370,71
371,Myles Straw,27,Cleveland Indians,CLE,152,596,535,72,118,22,3,0,32,21,1,54,87,0.221,0.291,0.273,0.564,65,146,4,1,2,4,0,0.3641,371,217
372,Luke Maile,31,Cleveland Indians,CLE,76,206,181,19,40,10,0,3,17,0,0,19,54,0.221,0.301,0.326,0.627,82,59,6,3,0,3,0,0.3641,372,75
373,Abraham Toro,25,Seattle Mariners,SEA,109,352,324,36,60,13,1,10,35,2,0,22,65,0.185,0.239,0.324,0.563,63,105,4,2,0,4,1,0.3636,373,128
374,Víctor Robles,25,Washington Nationals,WSN,132,407,366,42,82,10,2,6,33,15,4,17,104,0.224,0.273,0.311,0.584,69,114,3,9,11,4,0,0.3636,374,148
375,Enrique Hernández,30,Boston Red Sox,BOS,93,402,361,48,80,24,0,6,45,0,2,34,71,0.222,0.291,0.338,0.629,75,122,11,3,0,4,0,0.3632,375,146
376,Albert Almora,28,Cinncinnati Reds,CIN,64,235,215,26,48,10,1,5,29,3,2,17,46,0.223,0.282,0.349,0.631,73,75,9,1,1,1,0,0.3617,376,85
377,Johan Camargo,28,Philadelphia Phillies,PHI,52,166,152,8,36,3,0,3,15,0,0,13,37,0.237,0.297,0.316,0.613,75,48,1,0,1,0,0,0.3614,377,60
378,Sam Hilliard,28,Colorado Rockies,COL,70,200,174,26,32,6,1,2,14,5,1,23,57,0.184,0.28,0.264,0.544,48,46,2,1,0,2,0,0.3600,378,72
379,Frank Schwindel,30,Chicago Cubs,CHC,75,292,271,23,62,11,0,8,36,0,0,19,58,0.229,0.277,0.358,0.635,76,97,12,0,0,2,1,0.3596,379,105
380,Jonathan Villar,31,Toronto Blue Jays,TOT,59,220,202,25,42,6,2,3,18,7,0,15,59,0.208,0.26,0.302,0.562,57,61,4,0,1,2,0,0.3591,380,79
381,Alex Kirilloff,24,Minnesota Twins,MIN,45,156,144,14,36,7,0,3,21,0,0,5,36,0.25,0.29,0.361,0.651,86,52,5,4,0,2,0,0.3590,381,56
382,Greg Allen,29,Pittsburgh Pirates,PIT,46,134,118,17,22,4,0,2,8,8,2,10,42,0.186,0.26,0.271,0.531,51,32,2,2,3,1,0,0.3582,382,48
383,Spencer Torkelson,22,Detroit Tigers,DET,110,404,360,38,73,16,1,8,28,0,1,37,99,0.203,0.285,0.319,0.604,74,115,12,5,0,2,0,0.3564,383,144
384,Dominic Smith,27,New York Mets,NYM,58,152,134,11,26,10,1,0,17,0,0,12,37,0.194,0.276,0.284,0.56,62,38,0,4,0,2,0,0.3553,384,54
385,Paul DeJong,28,St. Louis Cardinals,STL,77,237,210,19,33,9,0,6,25,3,2,21,79,0.157,0.245,0.286,0.53,52,60,2,4,0,2,0,0.3544,385,84
386,Didi Gregorius,32,Philadelphia Phillies,PHI,63,232,214,17,45,9,4,1,19,1,0,13,36,0.21,0.263,0.304,0.567,61,65,0,3,0,2,0,0.3534,386,82
387,Miguel Rojas,33,Miami Marlins,MIA,140,507,471,34,111,19,2,6,36,9,3,26,61,0.236,0.283,0.323,0.605,71,152,12,6,1,3,1,0.3531,387,179
388,Sergio Alcántara,25,Toronto Blue Jays,TOT,93,224,205,26,45,8,1,6,29,1,2,12,57,0.22,0.261,0.356,0.617,74,73,6,1,2,4,0,0.3527,388,79
389,Yu Chang,26,Toronto Blue Jays,TOT,69,190,168,19,35,6,0,4,15,0,1,16,59,0.208,0.289,0.315,0.605,75,53,5,4,0,2,0,0.3526,389,67
390,Ryan O'Hearn,28,Kansas City Royals,KCR,67,145,134,14,32,6,1,1,16,0,0,8,35,0.239,0.29,0.321,0.611,73,43,2,2,0,1,0,0.3517,390,51
391,Andy Ibáñez,29,Texas Rangers,TEX,40,128,119,13,26,4,0,1,9,3,0,9,21,0.218,0.273,0.277,0.551,58,33,0,0,0,0,0,0.3516,391,45
392,Akil Baddoo,23,Detroit Tigers,DET,73,225,201,30,41,3,2,2,9,9,6,24,64,0.204,0.289,0.269,0.558,63,54,2,0,0,0,0,0.3511,392,79
393,Austin Wynns,31,San Francisco Giants,SFG,65,177,162,14,42,7,0,3,21,0,0,10,38,0.259,0.313,0.358,0.671,91,58,9,3,1,1,0,0.3503,393,62
394,Jake Meyers,26,Houston Astros,HOU,52,160,150,13,34,6,2,1,15,2,1,7,54,0.227,0.269,0.313,0.582,67,47,1,2,0,1,0,0.3500,394,56
395,Richie Palacios,25,Cleveland Indians,CLE,54,123,112,7,26,6,0,0,10,2,0,9,20,0.232,0.293,0.286,0.578,69,32,2,1,0,1,1,0.3496,395,43
396,Adam Frazier,30,Seattle Mariners,SEA,156,602,541,61,129,22,4,3,42,11,6,46,73,0.238,0.301,0.311,0.612,80,168,15,5,4,6,1,0.3488,396,210
397,Riley Adams,26,Washington Nationals,WSN,48,155,142,14,25,4,0,5,10,0,1,12,46,0.176,0.245,0.31,0.555,59,44,2,1,0,0,0,0.3484,397,54
398,Marwin González,33,New York Yankees,NYY,85,207,184,20,34,7,0,6,18,3,0,14,54,0.185,0.255,0.321,0.576,63,59,8,4,3,2,0,0.3478,398,72
399,Josh H. Smith,24,Texas Rangers,TEX,73,253,213,23,42,5,0,2,16,4,3,28,50,0.197,0.307,0.249,0.556,61,53,1,7,2,3,0,0.3478,399,88
400,Kody Clemens,26,Detroit Tigers,DET,56,127,117,13,17,4,0,5,17,1,0,8,33,0.145,0.197,0.308,0.505,43,36,1,0,0,2,0,0.3465,400,44
401,Miguel Cabrera,39,Detroit Tigers,DET,112,433,397,25,101,10,0,5,43,1,0,28,101,0.254,0.305,0.317,0.622,80,126,11,3,0,5,3,0.3464,401,150
402,Kurt Suzuki,38,Los Angeles Angels,LAA,51,159,139,10,25,4,0,4,15,0,0,15,29,0.18,0.266,0.295,0.561,59,41,3,2,1,2,0,0.3459,402,55
403,Robinson Chirinos,38,Baltimore Orioles,BAL,67,220,195,10,35,9,0,4,22,1,0,19,67,0.179,0.265,0.287,0.552,60,56,4,4,1,1,0,0.3455,403,76
404,Nick Senzel,27,Cinncinnati Reds,CIN,110,420,373,45,86,13,0,5,25,8,5,30,76,0.231,0.296,0.306,0.601,66,114,7,5,2,1,0,0.3452,404,145
405,CJ Abrams,21,Toronto Blue Jays,TOT,90,302,284,33,70,12,2,2,21,7,4,5,50,0.246,0.28,0.324,0.604,75,92,5,9,2,2,0,0.3444,405,104
406,Max Stassi,31,Los Angeles Angels,LAA,102,375,333,32,60,12,1,9,30,0,0,38,112,0.18,0.267,0.303,0.571,62,101,12,2,1,1,0,0.3440,406,129
407,Geraldo Perdomo,22,Arizona Diamondbacks,ARI,148,500,431,58,84,10,2,5,40,9,2,50,103,0.195,0.285,0.262,0.547,57,113,3,5,12,2,0,0.3440,407,172
408,Yasmani Grandal,33,Chicago White Sox,CHW,99,376,327,15,66,7,0,5,27,1,0,45,79,0.202,0.301,0.269,0.57,64,88,8,2,0,2,1,0.3431,408,129
409,Miguel Andújar,27,Toronto Blue Jays,TOT,36,140,132,13,31,5,1,1,17,4,1,5,27,0.235,0.257,0.311,0.568,61,41,1,0,0,3,0,0.3429,409,48
410,Brian Serven,27,Colorado Rockies,COL,62,205,187,19,38,4,1,6,16,0,0,13,44,0.203,0.261,0.332,0.593,59,62,7,2,2,1,0,0.3415,410,70
411,Andrew Knizner,27,St. Louis Cardinals,STL,96,293,260,28,56,10,0,4,25,0,1,26,62,0.215,0.301,0.3,0.601,74,78,9,6,1,0,0,0.3413,411,100
412,Sheldon Neuse,27,Oakland Athletics,OAK,89,293,271,25,58,4,2,4,26,6,1,20,80,0.214,0.273,0.288,0.561,66,78,5,2,0,0,0,0.3413,412,100
413,Michael Pérez,29,Toronto Blue Jays,TOT,45,132,121,10,18,0,0,6,14,1,0,10,32,0.149,0.214,0.298,0.511,44,36,2,0,1,0,0,0.3409,413,45
414,Matt Duffy,31,Los Angeles Angels,LAA,77,247,228,14,57,8,0,2,16,0,0,17,50,0.25,0.308,0.311,0.619,77,71,6,2,0,0,0,0.3401,414,84
415,Gilberto Celestino,23,Minnesota Twins,MIN,122,347,311,30,74,12,1,2,24,4,1,32,77,0.238,0.313,0.302,0.615,78,94,13,2,2,0,0,0.3401,415,118
416,Mickey Moniak,24,Toronto Blue Jays,TOT,37,112,106,13,18,3,1,3,8,1,0,4,44,0.17,0.207,0.302,0.509,42,32,0,1,1,0,0,0.3393,416,38
417,Tucupita Marcano,22,Pittsburgh Pirates,PIT,49,177,160,18,33,6,2,2,13,2,1,10,44,0.206,0.256,0.306,0.562,59,49,1,1,5,1,0,0.3390,417,60
418,Yan Gomes,34,Chicago Cubs,CHC,86,293,277,23,65,12,0,8,31,2,0,8,47,0.235,0.26,0.365,0.625,72,101,15,3,1,4,0,0.3379,418,99
419,Jackie Bradley Jr.,32,Toronto Blue Jays,TOT,131,370,344,30,70,23,1,4,38,2,3,24,77,0.203,0.255,0.311,0.566,58,107,5,0,2,0,0,0.3378,419,125
420,Brett Phillips,28,Toronto Blue Jays,TOT,83,225,201,22,29,6,0,5,15,7,0,16,94,0.144,0.217,0.249,0.466,36,50,0,3,4,1,0,0.3378,420,76
421,David Fletcher,28,Los Angeles Angels,LAA,61,228,216,20,55,9,1,2,17,1,0,7,16,0.255,0.288,0.333,0.621,76,72,6,3,2,0,0,0.3377,421,77
422,Vimael Machín,28,Oakland Athletics,OAK,73,253,223,26,49,12,0,1,13,1,1,25,47,0.22,0.3,0.287,0.587,75,64,6,2,0,3,0,0.3360,422,85
423,Óscar Mercado,27,Toronto Blue Jays,TOT,55,128,121,17,25,6,1,4,16,2,2,5,29,0.207,0.242,0.372,0.614,75,45,8,1,0,1,0,0.3359,423,43
424,Jonathan Schoop,30,Detroit Tigers,DET,131,510,481,48,97,23,1,11,38,5,0,19,107,0.202,0.239,0.322,0.561,60,155,15,6,0,4,1,0.3353,424,171
425,Bligh Madris,26,Pittsburgh Pirates,PIT,39,123,113,10,20,7,0,1,7,2,1,10,31,0.177,0.244,0.265,0.509,45,30,0,0,0,0,0,0.3333,425,41
426,José Azocar,26,San Diego Padres,SDP,98,216,202,24,52,9,3,0,10,5,6,12,44,0.257,0.298,0.332,0.629,83,67,6,0,1,1,0,0.3333,426,72
427,Avisaíl García,31,Miami Marlins,MIA,98,380,357,31,80,9,0,8,35,4,0,17,109,0.224,0.266,0.317,0.582,64,113,12,4,0,2,0,0.3316,427,126
428,Tyler Nevin,25,Baltimore Orioles,BAL,58,184,157,17,31,4,0,2,16,0,0,20,46,0.197,0.299,0.261,0.56,64,41,4,4,0,3,0,0.3315,428,61
429,Jason Heyward,32,Chicago Cubs,CHC,48,151,137,15,28,5,1,1,10,1,0,11,32,0.204,0.278,0.277,0.556,56,38,3,3,0,0,0,0.3311,429,50
430,Romy Gonzalez,25,Chicago White Sox,CHW,32,109,105,15,25,4,1,2,11,0,1,2,39,0.238,0.257,0.352,0.609,72,37,3,1,0,1,0,0.3303,430,36
431,Hanser Alberto,29,Los Angeles Dodgers,LAD,73,159,156,13,38,9,2,2,15,0,1,3,25,0.244,0.258,0.365,0.623,73,57,7,0,0,0,0,0.3270,431,52
432,Mike Zunino,31,Tampa Bay Rays,TBR,36,123,115,7,17,3,0,5,16,0,0,6,46,0.148,0.195,0.304,0.499,43,35,2,1,0,1,0,0.3252,432,40
433,James McCann,32,New York Mets,NYM,61,191,174,19,34,6,0,3,18,3,0,11,46,0.195,0.257,0.282,0.538,55,49,5,4,0,2,0,0.3246,433,62
434,Charlie Culberson,33,Texas Rangers,TEX,68,124,115,19,29,6,0,2,12,2,3,5,31,0.252,0.283,0.357,0.64,81,41,5,0,4,0,0,0.3226,434,40
435,Lewin Díaz,25,Miami Marlins,MIA,58,174,160,12,27,4,0,5,11,1,0,11,54,0.169,0.224,0.288,0.512,44,46,3,1,0,2,0,0.3218,435,56
436,Jonah Bride,26,Oakland Athletics,OAK,58,187,162,17,33,4,0,1,6,1,0,19,32,0.204,0.301,0.247,0.548,65,40,4,4,1,1,0,0.3209,436,60
437,Nicky Lopez,27,Kansas City Royals,KCR,141,480,436,51,99,12,4,0,20,13,3,29,63,0.227,0.281,0.273,0.554,58,119,8,4,10,1,0,0.3208,437,154
438,Maikel Franco,29,Washington Nationals,WSN,103,388,371,31,85,15,0,9,39,1,0,12,75,0.229,0.255,0.342,0.597,71,127,18,2,0,3,0,0.3196,438,124
439,Luis Torrens,26,Seattle Mariners,SEA,55,166,151,13,34,2,0,3,15,0,0,12,50,0.225,0.283,0.298,0.581,71,45,5,1,0,2,0,0.3193,439,53
440,Kevin Smith,25,Oakland Athletics,OAK,47,151,139,9,25,9,1,2,13,4,0,7,42,0.18,0.216,0.302,0.518,51,42,5,0,3,2,0,0.3179,440,48
441,Nick Allen,23,Oakland Athletics,OAK,100,326,299,31,62,13,0,4,19,3,2,19,64,0.207,0.256,0.291,0.547,61,87,5,1,6,1,0,0.3160,441,103
442,Nick Madrigal,25,Chicago Cubs,CHC,59,228,209,19,52,7,0,0,7,3,1,14,27,0.249,0.305,0.282,0.588,66,59,6,3,2,0,0,0.3158,442,72
443,Alcides Escobar,35,Washington Nationals,WSN,40,131,124,12,27,4,2,0,8,1,1,5,32,0.218,0.26,0.282,0.542,57,35,1,2,0,0,0,0.3130,443,41
444,Tyler Wade,27,Los Angeles Angels,LAA,67,163,147,22,32,5,0,1,8,8,5,10,33,0.218,0.272,0.272,0.544,55,40,3,1,5,0,0,0.3129,444,51
445,Jacob Stallings,32,Miami Marlins,MIA,114,384,346,25,77,12,0,4,34,0,1,29,83,0.223,0.292,0.292,0.584,67,101,15,6,1,2,0,0.3125,445,120
446,Kevin Plawecki,31,Toronto Blue Jays,TOT,63,186,168,15,37,8,0,1,13,0,0,14,32,0.22,0.286,0.286,0.572,60,48,6,2,1,1,0,0.3118,446,58
447,Seth Beer,25,Arizona Diamondbacks,ARI,38,126,111,4,21,3,0,1,9,0,0,11,31,0.189,0.278,0.243,0.521,50,27,3,3,0,1,1,0.3095,447,39
448,Mauricio Dubón,27,Toronto Blue Jays,TOT,104,265,243,31,52,9,0,5,24,2,3,13,30,0.214,0.252,0.313,0.565,61,76,7,1,3,5,0,0.3094,448,82
449,Bradley Zimmer,29,Toronto Blue Jays,TOT,109,117,105,18,13,5,0,2,5,3,2,5,45,0.124,0.207,0.229,0.435,25,24,0,6,1,0,0,0.3077,449,36
450,Tucker Barnhart,31,Detroit Tigers,DET,94,308,281,16,62,10,0,1,16,0,0,25,74,0.221,0.287,0.267,0.554,61,75,7,1,1,0,0,0.3052,450,94
451,Tyler Heineman,31,Toronto Blue Jays,TOT,62,174,157,16,34,8,0,0,9,1,0,8,17,0.217,0.276,0.268,0.544,56,42,3,5,4,0,0,0.3046,451,53
452,Vidal Bruján,24,Tampa Bay Rays,TBR,52,162,147,13,24,5,0,3,16,5,5,12,37,0.163,0.228,0.259,0.487,42,38,2,1,0,2,0,0.3025,452,49
453,Jed Lowrie,38,Oakland Athletics,OAK,50,184,167,14,30,5,0,3,16,1,0,15,39,0.18,0.245,0.263,0.508,50,44,5,0,0,2,0,0.2989,453,55
454,Tomás Nido,28,New York Mets,NYM,98,313,284,31,68,15,0,3,28,0,0,14,76,0.239,0.276,0.324,0.6,72,92,14,1,12,2,0,0.2971,454,93
455,Yadier Molina,39,St. Louis Cardinals,STL,78,270,262,19,56,8,0,5,24,2,0,5,40,0.214,0.233,0.302,0.535,52,79,10,2,0,1,0,0.2889,455,78
456,Yoshi Tsutsugo,30,Pittsburgh Pirates,PIT,50,193,170,11,29,4,0,2,19,0,0,19,50,0.171,0.249,0.229,0.478,37,39,3,0,0,4,0,0.2850,456,55
457,Ehire Adrianza,32,Toronto Blue Jays,TOT,37,110,97,8,17,3,0,0,7,1,0,11,25,0.175,0.264,0.206,0.47,38,20,2,1,0,1,0,0.2818,457,31
458,Jason Delay,27,Pittsburgh Pirates,PIT,57,167,155,17,33,6,0,1,11,0,2,9,50,0.213,0.265,0.271,0.536,53,42,4,2,1,0,0,0.2814,458,47
459,Austin Hedges,29,Cleveland Indians,CLE,105,338,294,26,48,4,0,7,30,2,0,25,78,0.163,0.241,0.248,0.489,42,73,12,6,10,3,0,0.2781,459,94
460,Leury García,31,Chicago White Sox,CHW,97,315,300,38,63,8,0,3,20,2,0,7,65,0.21,0.233,0.267,0.5,42,80,6,3,2,3,0,0.2730,460,86
461,Cristian Pache,23,Oakland Athletics,OAK,91,260,241,18,40,5,2,3,18,2,2,15,70,0.166,0.218,0.241,0.459,35,58,5,1,3,0,0,0.2654,461,69
462,Austin Romine,33,Toronto Blue Jays,TOT,51,136,129,10,20,3,0,3,9,0,0,4,46,0.155,0.187,0.248,0.435,20,32,2,1,2,0,0,0.2574,462,35
463,Lorenzo Cain,36,Milwaukee Brewers,MIL,43,156,145,17,26,5,0,1,9,2,2,8,36,0.179,0.231,0.234,0.465,32,34,4,2,0,1,0,0.2564,463,40
464,José Herrera,25,Arizona Diamondbacks,ARI,47,124,111,9,21,2,0,0,5,0,0,9,34,0.189,0.25,0.207,0.457,32,23,1,0,4,0,0,0.2500,464,31
465,Aramis Garcia,29,Cinncinnati Reds,CIN,47,115,108,6,23,2,0,1,4,0,1,3,34,0.213,0.248,0.259,0.507,40,28,4,2,2,0,0,0.2435,465,28
466,José Barrero,24,Cinncinnati Reds,CIN,48,174,165,13,25,3,0,2,10,4,1,9,76,0.152,0.195,0.206,0.401,11,34,4,0,0,0,0,0.2414,466,42
467,Ernie Clement,26,Toronto Blue Jays,TOT,69,179,163,19,30,4,0,0,6,0,1,11,26,0.184,0.243,0.209,0.452,33,34,3,2,2,1,0,0.2402,467,43
468,Michael Papierski,26,Toronto Blue Jays,TOT,39,103,91,7,13,1,0,1,4,0,0,10,26,0.143,0.228,0.187,0.415,17,17,4,0,2,0,0,0.2233,468,23
469,Robinson Canó,39,Toronto Blue Jays,TOT,33,104,100,5,15,1,0,1,4,0,0,4,25,0.15,0.183,0.19,0.373,7,19,2,0,0,0,0,0.2019,469,21
